<?xml version="1.0" encoding="UTF-8"?>
<kml xmlns="http://www.opengis.net/kml/2.2">
  <Document>
    <name>Маршрути від пункту ЦНАП с.Поляна, село, вул. Духновича, Поляна, Закарпатська область до пункту Екопарк Долина Вовків, Синевирська Поляна, Закарпатська область</name>
    <Style id="icon-1899-DB4436-nodesc-normal">
      <IconStyle>
        <color>ff3644db</color>
        <scale>1</scale>
        <Icon>
          <href>https://www.gstatic.com/mapspro/images/stock/503-wht-blank_maps.png</href>
        </Icon>
        <hotSpot x="32" xunits="pixels" y="64" yunits="insetPixels"/>
      </IconStyle>
      <LabelStyle>
        <scale>0</scale>
      </LabelStyle>
      <BalloonStyle>
        <text><![CDATA[<h3>$[name]</h3>]]></text>
      </BalloonStyle>
    </Style>
    <Style id="icon-1899-DB4436-nodesc-highlight">
      <IconStyle>
        <color>ff3644db</color>
        <scale>1</scale>
        <Icon>
          <href>https://www.gstatic.com/mapspro/images/stock/503-wht-blank_maps.png</href>
        </Icon>
        <hotSpot x="32" xunits="pixels" y="64" yunits="insetPixels"/>
      </IconStyle>
      <LabelStyle>
        <scale>1</scale>
      </LabelStyle>
      <BalloonStyle>
        <text><![CDATA[<h3>$[name]</h3>]]></text>
      </BalloonStyle>
    </Style>
    <StyleMap id="icon-1899-DB4436-nodesc">
      <Pair>
        <key>normal</key>
        <styleUrl>#icon-1899-DB4436-nodesc-normal</styleUrl>
      </Pair>
      <Pair>
        <key>highlight</key>
        <styleUrl>#icon-1899-DB4436-nodesc-highlight</styleUrl>
      </Pair>
    </StyleMap>
    <Style id="line-1267FF-5000-nodesc-normal">
      <LineStyle>
        <color>ffff6712</color>
        <width>5</width>
      </LineStyle>
      <BalloonStyle>
        <text><![CDATA[<h3>$[name]</h3>]]></text>
      </BalloonStyle>
    </Style>
    <Style id="line-1267FF-5000-nodesc-highlight">
      <LineStyle>
        <color>ffff6712</color>
        <width>7.5</width>
      </LineStyle>
      <BalloonStyle>
        <text><![CDATA[<h3>$[name]</h3>]]></text>
      </BalloonStyle>
    </Style>
    <StyleMap id="line-1267FF-5000-nodesc">
      <Pair>
        <key>normal</key>
        <styleUrl>#line-1267FF-5000-nodesc-normal</styleUrl>
      </Pair>
      <Pair>
        <key>highlight</key>
        <styleUrl>#line-1267FF-5000-nodesc-highlight</styleUrl>
      </Pair>
    </StyleMap>
    <Placemark>
      <name>Маршрути від пункту ЦНАП с.Поляна, село, вул. Духновича, Поляна, Закарпатська область до пункту Екопарк Долина Вовків, Синевирська Поляна, Закарпатська область</name>
      <styleUrl>#line-1267FF-5000-nodesc</styleUrl>
      <LineString>
        <tessellate>1</tessellate>
        <coordinates>
          22.96688,48.6212,0
          22.96688,48.62101,0
          22.96685,48.62088,0
          22.96403,48.61473,0
          22.96354,48.61359,0
          22.9634,48.61337,0
          22.9632,48.61302,0
          22.96319,48.61297,0
          22.96319,48.61293,0
          22.96325,48.61279,0
          22.96333,48.61268,0
          22.96334,48.61265,0
          22.96334,48.61256,0
          22.96329,48.61248,0
          22.96328,48.61245,0
          22.96317,48.61232,0
          22.96305,48.61216,0
          22.96305,48.61215,0
          22.96296,48.612,0
          22.96296,48.61199,0
          22.96289,48.61184,0
          22.96286,48.61174,0
          22.96284,48.61164,0
          22.96278,48.61112,0
          22.96278,48.61097,0
          22.96283,48.61056,0
          22.96293,48.60998,0
          22.96296,48.60966,0
          22.963,48.60942,0
          22.96304,48.60931,0
          22.96306,48.60928,0
          22.96313,48.60914,0
          22.96323,48.609,0
          22.96325,48.60898,0
          22.96337,48.60883,0
          22.96362,48.60858,0
          22.96579,48.60664,0
          22.96777,48.60493,0
          22.96794,48.60477,0
          22.96798,48.60471,0
          22.96799,48.60468,0
          22.96802,48.6045,0
          22.96808,48.60439,0
          22.9682,48.60426,0
          22.96874,48.60396,0
          22.96892,48.60387,0
          22.969,48.60381,0
          22.96941,48.60346,0
          22.96972,48.60317,0
          22.97,48.60286,0
          22.97015,48.60271,0
          22.9702,48.60265,0
          22.97033,48.60246,0
          22.97042,48.60227,0
          22.97043,48.60221,0
          22.97048,48.60202,0
          22.97048,48.60149,0
          22.97049,48.60142,0
          22.97043,48.60065,0
          22.97042,48.59997,0
          22.97043,48.59967,0
          22.97049,48.59935,0
          22.97252,48.59231,0
          22.97256,48.59211,0
          22.97257,48.59199,0
          22.97258,48.59195,0
          22.97258,48.59191,0
          22.97257,48.59181,0
          22.97257,48.59174,0
          22.97205,48.58912,0
          22.97205,48.58911,0
          22.97184,48.58826,0
          22.97117,48.58501,0
          22.97095,48.58412,0
          22.9706,48.58255,0
          22.97006,48.58051,0
          22.9699,48.5797,0
          22.96976,48.57914,0
          22.96961,48.5788,0
          22.9695,48.57866,0
          22.9686,48.57793,0
          22.96842,48.57769,0
          22.96826,48.57724,0
          22.96819,48.57692,0
          22.96818,48.57685,0
          22.96815,48.57539,0
          22.96846,48.57442,0
          22.96853,48.57411,0
          22.9685,48.57387,0
          22.96733,48.57203,0
          22.96497,48.56891,0
          22.96451,48.56827,0
          22.96423,48.56792,0
          22.96375,48.56728,0
          22.96349,48.56696,0
          22.96345,48.56692,0
          22.96341,48.56686,0
          22.96336,48.56682,0
          22.96328,48.56674,0
          22.96326,48.56673,0
          22.96324,48.56671,0
          22.96321,48.5667,0
          22.96319,48.56668,0
          22.96317,48.56667,0
          22.96315,48.56665,0
          22.96308,48.56661,0
          22.96307,48.5666,0
          22.96304,48.56659,0
          22.96303,48.56658,0
          22.9629,48.56652,0
          22.96283,48.56648,0
          22.96213,48.56615,0
          22.96116,48.56559,0
          22.96039,48.56508,0
          22.96034,48.56506,0
          22.95527,48.56179,0
          22.95516,48.56175,0
          22.95499,48.56167,0
          22.95455,48.56137,0
          22.95393,48.56098,0
          22.95352,48.56078,0
          22.95293,48.56056,0
          22.94934,48.55953,0
          22.94838,48.55923,0
          22.94684,48.5587,0
          22.94515,48.55808,0
          22.94468,48.55788,0
          22.94369,48.55738,0
          22.94324,48.55717,0
          22.94264,48.55693,0
          22.94075,48.55631,0
          22.93945,48.55596,0
          22.93885,48.55584,0
          22.93872,48.55579,0
          22.93848,48.55572,0
          22.93795,48.55549,0
          22.93761,48.55529,0
          22.93756,48.55525,0
          22.93722,48.55502,0
          22.93705,48.55489,0
          22.93687,48.55477,0
          22.93687,48.55476,0
          22.93649,48.55446,0
          22.93617,48.55418,0
          22.9353,48.55348,0
          22.93297,48.55153,0
          22.93262,48.55121,0
          22.93222,48.55078,0
          22.93166,48.55009,0
          22.93157,48.54999,0
          22.93133,48.54969,0
          22.93132,48.54967,0
          22.9307,48.54887,0
          22.93063,48.54876,0
          22.93058,48.54871,0
          22.93,48.54795,0
          22.92963,48.54741,0
          22.92929,48.54684,0
          22.92905,48.54629,0
          22.92899,48.546,0
          22.92897,48.54574,0
          22.929,48.54541,0
          22.92904,48.54513,0
          22.92916,48.54471,0
          22.92946,48.54391,0
          22.92953,48.54366,0
          22.92956,48.54351,0
          22.92957,48.54339,0
          22.92958,48.54337,0
          22.92959,48.54319,0
          22.92961,48.54303,0
          22.92961,48.54294,0
          22.92962,48.54284,0
          22.9296,48.54257,0
          22.92955,48.54232,0
          22.92949,48.5421,0
          22.92941,48.54186,0
          22.92939,48.54177,0
          22.9293,48.54154,0
          22.92921,48.54134,0
          22.92911,48.54115,0
          22.929,48.54099,0
          22.92882,48.54076,0
          22.92855,48.54047,0
          22.92819,48.54013,0
          22.92774,48.53976,0
          22.92748,48.53958,0
          22.92721,48.53942,0
          22.92643,48.53904,0
          22.92482,48.53838,0
          22.92481,48.53837,0
          22.92459,48.53829,0
          22.92436,48.53819,0
          22.92273,48.53755,0
          22.92272,48.53755,0
          22.92258,48.53749,0
          22.92249,48.53746,0
          22.92249,48.53745,0
          22.92014,48.53655,0
          22.92013,48.53654,0
          22.91933,48.53628,0
          22.91903,48.5362,0
          22.91888,48.53617,0
          22.91878,48.53614,0
          22.91837,48.53607,0
          22.91764,48.53598,0
          22.91672,48.53593,0
          22.91593,48.53594,0
          22.91589,48.53595,0
          22.91527,48.53598,0
          22.91465,48.53606,0
          22.91443,48.5361,0
          22.9138,48.53625,0
          22.91356,48.53632,0
          22.90978,48.53776,0
          22.90935,48.53789,0
          22.90889,48.538,0
          22.90887,48.538,0
          22.90866,48.53805,0
          22.9082,48.53812,0
          22.90808,48.53813,0
          22.90807,48.53814,0
          22.90744,48.53817,0
          22.90622,48.5381,0
          22.90569,48.53804,0
          22.89359,48.53608,0
          22.89284,48.53594,0
          22.8928,48.53592,0
          22.89261,48.53588,0
          22.89255,48.53586,0
          22.89232,48.53576,0
          22.89189,48.53554,0
          22.89185,48.53551,0
          22.89139,48.53522,0
          22.89095,48.5349,0
          22.89094,48.5349,0
          22.89055,48.53461,0
          22.88885,48.53361,0
          22.88849,48.53336,0
          22.88819,48.53311,0
          22.88803,48.53294,0
          22.88788,48.53275,0
          22.88759,48.53234,0
          22.88729,48.53199,0
          22.88701,48.5316,0
          22.88291,48.5275,0
          22.88273,48.52735,0
          22.87962,48.52431,0
          22.87933,48.524,0
          22.87913,48.52374,0
          22.87899,48.52362,0
          22.87844,48.5232,0
          22.87819,48.52303,0
          22.878,48.52292,0
          22.87771,48.52277,0
          22.87751,48.52265,0
          22.8754,48.52154,0
          22.87539,48.52154,0
          22.87332,48.52046,0
          22.87313,48.52038,0
          22.87271,48.52016,0
          22.87187,48.51968,0
          22.87081,48.51895,0
          22.86505,48.51475,0
          22.86482,48.51457,0
          22.85108,48.50461,0
          22.85097,48.50452,0
          22.84919,48.50324,0
          22.8492,48.50324,0
          22.8492,48.5032,0
          22.84919,48.50317,0
          22.84871,48.50217,0
          22.84861,48.5019,0
          22.84747,48.49961,0
          22.84731,48.49921,0
          22.84686,48.49833,0
          22.8467,48.49789,0
          22.84575,48.49586,0
          22.84527,48.49474,0
          22.84501,48.49423,0
          22.84469,48.49348,0
          22.84461,48.49334,0
          22.84448,48.49316,0
          22.84423,48.49298,0
          22.84378,48.49271,0
          22.8437,48.49267,0
          22.84303,48.49228,0
          22.84119,48.49127,0
          22.84029,48.49073,0
          22.83934,48.49021,0
          22.8386,48.48983,0
          22.83833,48.48975,0
          22.83781,48.48967,0
          22.83769,48.48966,0
          22.8375,48.48963,0
          22.83742,48.48959,0
          22.83734,48.48956,0
          22.8373,48.48952,0
          22.83722,48.4894,0
          22.83705,48.48898,0
          22.83695,48.48884,0
          22.83673,48.4887,0
          22.83353,48.48693,0
          22.83135,48.48568,0
          22.83083,48.48548,0
          22.83031,48.48535,0
          22.82935,48.48514,0
          22.82746,48.48465,0
          22.82671,48.48439,0
          22.82599,48.48408,0
          22.82039,48.48182,0
          22.81973,48.4816,0
          22.81889,48.48136,0
          22.77681,48.46819,0
          22.77645,48.46804,0
          22.77608,48.46786,0
          22.77569,48.4676,0
          22.77243,48.46472,0
          22.77072,48.46315,0
          22.77015,48.46266,0
          22.76845,48.46113,0
          22.76781,48.46061,0
          22.76759,48.46046,0
          22.76715,48.46025,0
          22.76694,48.46017,0
          22.76656,48.46011,0
          22.76516,48.45996,0
          22.76495,48.45992,0
          22.7648,48.45988,0
          22.76473,48.45984,0
          22.76435,48.45958,0
          22.76434,48.45956,0
          22.76287,48.45867,0
          22.76273,48.45863,0
          22.76254,48.4586,0
          22.76235,48.45859,0
          22.76215,48.45855,0
          22.7615,48.45836,0
          22.76058,48.45799,0
          22.75983,48.45763,0
          22.75887,48.45706,0
          22.75861,48.45692,0
          22.75805,48.45658,0
          22.75736,48.4562,0
          22.75738,48.45612,0
          22.75739,48.4561,0
          22.75735,48.45592,0
          22.75731,48.45582,0
          22.75686,48.45486,0
          22.75653,48.45444,0
          22.75587,48.45378,0
          22.75565,48.45289,0
          22.75557,48.45207,0
          22.75541,48.45113,0
          22.75526,48.45043,0
          22.75517,48.44989,0
          22.75517,48.44941,0
          22.75525,48.44882,0
          22.75525,48.44879,0
          22.75536,48.44815,0
          22.75541,48.44777,0
          22.75546,48.44763,0
          22.75561,48.44738,0
          22.75591,48.44681,0
          22.75607,48.44656,0
          22.75689,48.44516,0
          22.75744,48.44397,0
          22.75857,48.44124,0
          22.75858,48.4412,0
          22.7586,48.44116,0
          22.75861,48.44112,0
          22.75861,48.44106,0
          22.7586,48.44103,0
          22.75856,48.44097,0
          22.75673,48.43936,0
          22.75572,48.43841,0
          22.75539,48.43818,0
          22.75505,48.43773,0
          22.75459,48.43691,0
          22.75426,48.43619,0
          22.75583,48.43581,0
          22.75591,48.4358,0
          22.75598,48.43581,0
          22.75779,48.43536,0
          22.75809,48.43527,0
          22.75841,48.43515,0
          22.76061,48.43407,0
          22.76062,48.43406,0
          22.7624,48.43318,0
          22.7628,48.433,0
          22.76291,48.43294,0
          22.76316,48.43283,0
          22.76699,48.43141,0
          22.76715,48.43134,0
          22.76795,48.43108,0
          22.76815,48.43103,0
          22.76824,48.431,0
          22.76846,48.43096,0
          22.769,48.4309,0
          22.7691,48.43088,0
          22.77114,48.43066,0
          22.7712,48.43066,0
          22.77368,48.43042,0
          22.77407,48.43042,0
          22.77459,48.43048,0
          22.77485,48.43055,0
          22.77628,48.43099,0
          22.77638,48.43103,0
          22.77794,48.43154,0
          22.7781,48.43158,0
          22.77811,48.43158,0
          22.77822,48.43161,0
          22.77834,48.43162,0
          22.77844,48.43162,0
          22.77851,48.43163,0
          22.77871,48.43163,0
          22.77883,48.43164,0
          22.77914,48.43164,0
          22.78662,48.43106,0
          22.78725,48.43099,0
          22.78741,48.43095,0
          22.78774,48.43084,0
          22.78796,48.43075,0
          22.78823,48.43055,0
          22.78846,48.43035,0
          22.7886,48.43021,0
          22.78985,48.42869,0
          22.79007,48.42844,0
          22.79016,48.42831,0
          22.79022,48.42824,0
          22.79045,48.42792,0
          22.79061,48.42766,0
          22.79067,48.42752,0
          22.79115,48.42614,0
          22.79151,48.42484,0
          22.79155,48.42466,0
          22.79188,48.42349,0
          22.79189,48.42342,0
          22.79232,48.42196,0
          22.79237,48.42183,0
          22.79242,48.42165,0
          22.79266,48.42094,0
          22.7927,48.42077,0
          22.79276,48.4206,0
          22.79277,48.42055,0
          22.79298,48.41989,0
          22.79301,48.41982,0
          22.79367,48.41749,0
          22.7939,48.41677,0
          22.79414,48.4159,0
          22.79454,48.41479,0
          22.79461,48.41466,0
          22.79476,48.41443,0
          22.79498,48.41413,0
          22.79522,48.41386,0
          22.79553,48.41357,0
          22.79571,48.41343,0
          22.79573,48.41341,0
          22.79596,48.41324,0
          22.80228,48.40889,0
          22.80241,48.40881,0
          22.80402,48.40766,0
          22.8043,48.40744,0
          22.80456,48.40719,0
          22.80467,48.40707,0
          22.80491,48.4067,0
          22.80508,48.40628,0
          22.80585,48.40405,0
          22.80617,48.40327,0
          22.80631,48.40301,0
          22.80638,48.4029,0
          22.80687,48.402,0
          22.80692,48.40192,0
          22.80805,48.39982,0
          22.80813,48.39964,0
          22.80819,48.39947,0
          22.80824,48.39926,0
          22.80824,48.39925,0
          22.80828,48.39903,0
          22.80832,48.39853,0
          22.80832,48.39828,0
          22.80827,48.39742,0
          22.80818,48.39633,0
          22.80817,48.3959,0
          22.80816,48.39582,0
          22.80816,48.39546,0
          22.80819,48.39506,0
          22.80834,48.39437,0
          22.8091,48.39162,0
          22.80926,48.39114,0
          22.80943,48.39054,0
          22.80948,48.39041,0
          22.80951,48.39029,0
          22.80956,48.39018,0
          22.80959,48.39009,0
          22.80959,48.39008,0
          22.80975,48.38976,0
          22.81016,48.38908,0
          22.81038,48.38875,0
          22.81068,48.38836,0
          22.81115,48.3878,0
          22.81258,48.3862,0
          22.8128,48.38593,0
          22.81345,48.38521,0
          22.81384,48.38472,0
          22.8144,48.38387,0
          22.81469,48.38329,0
          22.81509,48.38231,0
          22.81515,48.38213,0
          22.81518,48.38207,0
          22.81531,48.38172,0
          22.81545,48.3814,0
          22.81597,48.38004,0
          22.816,48.37998,0
          22.8161,48.37969,0
          22.81621,48.37944,0
          22.81645,48.37882,0
          22.81648,48.37877,0
          22.8166,48.37848,0
          22.81666,48.3783,0
          22.81687,48.37778,0
          22.81688,48.37774,0
          22.81708,48.37722,0
          22.81716,48.37704,0
          22.81723,48.37692,0
          22.81724,48.37688,0
          22.81736,48.37666,0
          22.81742,48.37658,0
          22.81744,48.37654,0
          22.8175,48.37646,0
          22.81754,48.37642,0
          22.81765,48.37627,0
          22.81767,48.37626,0
          22.81775,48.37617,0
          22.81806,48.37592,0
          22.8235,48.37222,0
          22.82391,48.37192,0
          22.82432,48.37158,0
          22.82514,48.37068,0
          22.82534,48.37048,0
          22.82558,48.37028,0
          22.82571,48.3702,0
          22.82605,48.37003,0
          22.82638,48.3699,0
          22.82654,48.36985,0
          22.82692,48.3697,0
          22.83457,48.36696,0
          22.83517,48.36676,0
          22.83596,48.36656,0
          22.84906,48.36391,0
          22.85012,48.36367,0
          22.85298,48.36311,0
          22.8581,48.36229,0
          22.85812,48.36229,0
          22.86103,48.36185,0
          22.86124,48.36179,0
          22.8615,48.36168,0
          22.86158,48.36163,0
          22.8616,48.36161,0
          22.86167,48.36156,0
          22.86169,48.36153,0
          22.86176,48.36145,0
          22.86179,48.3614,0
          22.86184,48.36129,0
          22.86185,48.36128,0
          22.86192,48.36112,0
          22.8622,48.36017,0
          22.8622,48.36016,0
          22.86225,48.36008,0
          22.86229,48.36003,0
          22.86241,48.35996,0
          22.86251,48.35993,0
          22.86261,48.35993,0
          22.8627,48.35994,0
          22.86276,48.35997,0
          22.86277,48.35997,0
          22.86286,48.36003,0
          22.86327,48.36034,0
          22.86347,48.36043,0
          22.86359,48.36045,0
          22.86365,48.36045,0
          22.86383,48.36037,0
          22.86392,48.36028,0
          22.86403,48.36011,0
          22.86432,48.35956,0
          22.86438,48.35947,0
          22.86441,48.3594,0
          22.86458,48.35921,0
          22.86479,48.35905,0
          22.86512,48.35886,0
          22.86529,48.35878,0
          22.86549,48.3587,0
          22.86562,48.35863,0
          22.8658,48.35855,0
          22.8663,48.3584,0
          22.86672,48.35831,0
          22.86717,48.35828,0
          22.86724,48.35827,0
          22.86746,48.35828,0
          22.8676,48.3583,0
          22.86791,48.35838,0
          22.86828,48.35856,0
          22.86857,48.35872,0
          22.86865,48.35875,0
          22.86881,48.35878,0
          22.86886,48.35878,0
          22.86893,48.35877,0
          22.86899,48.35877,0
          22.86908,48.35875,0
          22.86912,48.35873,0
          22.86914,48.35871,0
          22.86919,48.35861,0
          22.8692,48.35856,0
          22.8692,48.35853,0
          22.86921,48.3585,0
          22.8692,48.35845,0
          22.86912,48.35825,0
          22.86907,48.35816,0
          22.86897,48.35804,0
          22.86876,48.35784,0
          22.86869,48.35776,0
          22.86864,48.35769,0
          22.86857,48.35754,0
          22.86854,48.35744,0
          22.86852,48.35729,0
          22.86854,48.35719,0
          22.86859,48.35712,0
          22.86867,48.35707,0
          22.86877,48.35703,0
          22.86895,48.357,0
          22.86916,48.35702,0
          22.86944,48.35703,0
          22.86968,48.35702,0
          22.86988,48.35699,0
          22.87,48.35698,0
          22.87048,48.35688,0
          22.87094,48.35674,0
          22.87115,48.35664,0
          22.8712,48.35661,0
          22.87131,48.35653,0
          22.87237,48.35552,0
          22.87248,48.35538,0
          22.87264,48.35515,0
          22.87267,48.35512,0
          22.8728,48.35496,0
          22.873,48.35479,0
          22.87337,48.35454,0
          22.87423,48.35401,0
          22.87434,48.35395,0
          22.87475,48.35369,0
          22.8749,48.35356,0
          22.87492,48.35355,0
          22.87526,48.3532,0
          22.87595,48.35242,0
          22.87604,48.35234,0
          22.87618,48.35218,0
          22.87619,48.35218,0
          22.87683,48.35154,0
          22.87711,48.35132,0
          22.87754,48.35107,0
          22.87755,48.35106,0
          22.87798,48.35087,0
          22.88209,48.34937,0
          22.88218,48.34933,0
          22.88233,48.34928,0
          22.88328,48.34891,0
          22.88416,48.34854,0
          22.88425,48.34851,0
          22.88433,48.34847,0
          22.88516,48.34812,0
          22.88546,48.34797,0
          22.88565,48.34785,0
          22.8858,48.3477,0
          22.8859,48.34754,0
          22.88597,48.34736,0
          22.88644,48.34576,0
          22.88651,48.34556,0
          22.88664,48.34508,0
          22.88666,48.34491,0
          22.88669,48.34477,0
          22.8867,48.34465,0
          22.8867,48.3445,0
          22.88651,48.34254,0
          22.88639,48.341,0
          22.88634,48.33982,0
          22.88631,48.33941,0
          22.88631,48.3393,0
          22.8863,48.33918,0
          22.88627,48.33705,0
          22.88629,48.33679,0
          22.88634,48.33643,0
          22.88644,48.33587,0
          22.88655,48.33541,0
          22.88662,48.3352,0
          22.8869,48.33454,0
          22.88731,48.33371,0
          22.88742,48.33346,0
          22.8885,48.33126,0
          22.88881,48.33049,0
          22.88949,48.32862,0
          22.88957,48.32843,0
          22.89016,48.32685,0
          22.89034,48.32643,0
          22.89043,48.32625,0
          22.89059,48.32601,0
          22.89071,48.32585,0
          22.89105,48.32546,0
          22.89285,48.32352,0
          22.89289,48.32347,0
          22.89346,48.32286,0
          22.89348,48.32285,0
          22.89679,48.31923,0
          22.89703,48.319,0
          22.89715,48.31891,0
          22.89744,48.31874,0
          22.89764,48.31866,0
          22.89789,48.3186,0
          22.89794,48.3186,0
          22.89824,48.31857,0
          22.89849,48.31856,0
          22.89911,48.31856,0
          22.90079,48.31866,0
          22.9012,48.31866,0
          22.90168,48.31868,0
          22.90186,48.3187,0
          22.90209,48.31875,0
          22.90218,48.31878,0
          22.90235,48.31886,0
          22.90246,48.31893,0
          22.90259,48.31903,0
          22.9029,48.31935,0
          22.90304,48.31947,0
          22.90327,48.31961,0
          22.90328,48.31961,0
          22.90363,48.31974,0
          22.90401,48.31983,0
          22.90405,48.31983,0
          22.90468,48.31994,0
          22.90497,48.31997,0
          22.90515,48.31996,0
          22.90553,48.31989,0
          22.90582,48.31986,0
          22.90593,48.31986,0
          22.90601,48.31985,0
          22.90615,48.31987,0
          22.90628,48.31988,0
          22.90738,48.32007,0
          22.90771,48.32018,0
          22.90801,48.32035,0
          22.90802,48.32035,0
          22.90889,48.32083,0
          22.90925,48.32098,0
          22.90988,48.32117,0
          22.91044,48.32131,0
          22.91141,48.32152,0
          22.9116,48.32157,0
          22.91195,48.32168,0
          22.9123,48.32181,0
          22.91246,48.32186,0
          22.9125,48.32188,0
          22.91263,48.32191,0
          22.91275,48.32189,0
          22.91281,48.32187,0
          22.91285,48.32185,0
          22.91288,48.32184,0
          22.9129,48.32181,0
          22.91292,48.32179,0
          22.91333,48.32112,0
          22.91346,48.32097,0
          22.91359,48.32084,0
          22.91362,48.32082,0
          22.91376,48.3207,0
          22.91399,48.32056,0
          22.91463,48.32021,0
          22.91484,48.32007,0
          22.91491,48.32001,0
          22.915,48.31995,0
          22.91513,48.31983,0
          22.91515,48.3198,0
          22.91517,48.31978,0
          22.91533,48.31958,0
          22.91539,48.31948,0
          22.91543,48.3194,0
          22.91553,48.31923,0
          22.91558,48.31912,0
          22.91583,48.31826,0
          22.91589,48.31811,0
          22.9163,48.31724,0
          22.91638,48.31705,0
          22.91641,48.31695,0
          22.91643,48.31684,0
          22.91645,48.31678,0
          22.91648,48.31626,0
          22.91641,48.31511,0
          22.91641,48.31492,0
          22.9164,48.31491,0
          22.91641,48.3148,0
          22.91642,48.3148,0
          22.91644,48.31471,0
          22.9165,48.31456,0
          22.91655,48.31447,0
          22.91662,48.31439,0
          22.91683,48.31419,0
          22.91731,48.31379,0
          22.91761,48.31343,0
          22.91773,48.31323,0
          22.91837,48.31227,0
          22.91853,48.31207,0
          22.91854,48.31205,0
          22.91867,48.31187,0
          22.91936,48.31105,0
          22.91944,48.31097,0
          22.91959,48.31078,0
          22.91978,48.31057,0
          22.91994,48.31036,0
          22.92008,48.31021,0
          22.92021,48.31005,0
          22.92049,48.30967,0
          22.92057,48.30954,0
          22.92083,48.30918,0
          22.92093,48.30906,0
          22.921,48.309,0
          22.9213,48.30878,0
          22.92285,48.30781,0
          22.92309,48.30762,0
          22.92323,48.30749,0
          22.92348,48.30719,0
          22.92358,48.30704,0
          22.9236,48.307,0
          22.92375,48.30677,0
          22.92378,48.3067,0
          22.92436,48.3057,0
          22.92437,48.30567,0
          22.92454,48.30541,0
          22.9247,48.30522,0
          22.92504,48.30492,0
          22.92566,48.30441,0
          22.92571,48.30436,0
          22.92668,48.30354,0
          22.92757,48.30285,0
          22.92789,48.30265,0
          22.92811,48.30253,0
          22.92836,48.30242,0
          22.93107,48.30134,0
          22.93128,48.30123,0
          22.93151,48.30109,0
          22.93311,48.30025,0
          22.93314,48.30023,0
          22.93365,48.29997,0
          22.93479,48.29934,0
          22.93482,48.29933,0
          22.93503,48.29921,0
          22.93531,48.29902,0
          22.93548,48.29888,0
          22.93559,48.29877,0
          22.93581,48.29852,0
          22.93582,48.2985,0
          22.93609,48.2981,0
          22.93628,48.29774,0
          22.93707,48.29635,0
          22.93729,48.29589,0
          22.93741,48.29561,0
          22.93749,48.29539,0
          22.93759,48.29496,0
          22.93783,48.29333,0
          22.93791,48.29288,0
          22.93805,48.29232,0
          22.93865,48.29068,0
          22.93867,48.2906,0
          22.93935,48.28867,0
          22.93988,48.28727,0
          22.93996,48.2871,0
          22.93996,48.28709,0
          22.94002,48.28696,0
          22.94025,48.28659,0
          22.94054,48.28622,0
          22.94085,48.28593,0
          22.94099,48.28584,0
          22.94111,48.28575,0
          22.94148,48.28552,0
          22.94195,48.28527,0
          22.94252,48.28491,0
          22.94272,48.28475,0
          22.94292,48.28456,0
          22.94313,48.28434,0
          22.94321,48.28424,0
          22.94343,48.28392,0
          22.94379,48.28324,0
          22.9438,48.28323,0
          22.94408,48.28273,0
          22.94409,48.2827,0
          22.94425,48.28239,0
          22.94448,48.28199,0
          22.94448,48.28197,0
          22.94457,48.28179,0
          22.9446,48.28171,0
          22.94463,48.28158,0
          22.94463,48.28135,0
          22.94452,48.28058,0
          22.94437,48.27977,0
          22.94433,48.27948,0
          22.94433,48.27945,0
          22.94434,48.27938,0
          22.94434,48.27936,0
          22.94439,48.27927,0
          22.94453,48.27923,0
          22.94478,48.27918,0
          22.94515,48.27915,0
          22.94702,48.27894,0
          22.94737,48.27894,0
          22.94801,48.279,0
          22.94847,48.27908,0
          22.94914,48.27925,0
          22.94965,48.27936,0
          22.9498,48.27938,0
          22.94997,48.27939,0
          22.95036,48.27939,0
          22.95094,48.27935,0
          22.95147,48.27936,0
          22.95205,48.27942,0
          22.95223,48.27946,0
          22.95236,48.27948,0
          22.95368,48.27992,0
          22.95371,48.27994,0
          22.95488,48.28033,0
          22.95567,48.28054,0
          22.95595,48.28058,0
          22.95603,48.28058,0
          22.95615,48.28059,0
          22.95842,48.28045,0
          22.95883,48.28044,0
          22.95956,48.28039,0
          22.96018,48.28037,0
          22.96259,48.28017,0
          22.96464,48.27992,0
          22.96646,48.27965,0
          22.96782,48.27941,0
          22.96826,48.27936,0
          22.9686,48.27935,0
          22.96882,48.27937,0
          22.9692,48.27944,0
          22.96944,48.2795,0
          22.96946,48.2795,0
          22.97066,48.27981,0
          22.97071,48.27983,0
          22.9714,48.28004,0
          22.97296,48.28061,0
          22.9735,48.28084,0
          22.97376,48.28097,0
          22.97377,48.28097,0
          22.97418,48.28118,0
          22.97466,48.28145,0
          22.97487,48.28159,0
          22.97505,48.28173,0
          22.97523,48.28192,0
          22.97532,48.28203,0
          22.97539,48.28214,0
          22.97578,48.28285,0
          22.97602,48.28339,0
          22.97627,48.28389,0
          22.9766,48.28444,0
          22.97661,48.28445,0
          22.97681,48.28477,0
          22.97704,48.2851,0
          22.97731,48.28545,0
          22.97762,48.2857,0
          22.97787,48.28585,0
          22.97836,48.28609,0
          22.97957,48.28659,0
          22.97967,48.28662,0
          22.97978,48.28667,0
          22.98047,48.28689,0
          22.98093,48.28702,0
          22.98145,48.28714,0
          22.98253,48.28733,0
          22.98343,48.28744,0
          22.98834,48.28825,0
          22.98858,48.28828,0
          22.9893,48.28829,0
          22.99545,48.28786,0
          22.99627,48.28784,0
          22.99657,48.28782,0
          22.99671,48.28776,0
          22.99684,48.28769,0
          22.99699,48.28765,0
          22.99699,48.2876,0
          22.997,48.2876,0
          22.997,48.28759,0
          22.99701,48.28758,0
          22.99701,48.28757,0
          22.99702,48.28757,0
          22.99702,48.28756,0
          22.99703,48.28756,0
          22.99705,48.28754,0
          22.99707,48.28754,0
          22.99708,48.28753,0
          22.9971,48.28753,0
          22.99711,48.28752,0
          22.99718,48.28752,0
          22.9973,48.28744,0
          22.9975,48.28734,0
          22.99761,48.28724,0
          22.99785,48.28706,0
          22.99854,48.28658,0
          22.99876,48.28648,0
          22.99904,48.2864,0
          23.02016,48.28193,0
          23.02033,48.28193,0
          23.02037,48.28194,0
          23.02052,48.28194,0
          23.02888,48.28016,0
          23.02895,48.28015,0
          23.04345,48.27703,0
          23.04483,48.27671,0
          23.04569,48.27645,0
          23.04635,48.27623,0
          23.04688,48.27602,0
          23.04695,48.276,0
          23.04735,48.27584,0
          23.04791,48.27559,0
          23.04878,48.27513,0
          23.05443,48.27182,0
          23.05541,48.27127,0
          23.05627,48.27074,0
          23.05664,48.27054,0
          23.05858,48.26939,0
          23.05897,48.26913,0
          23.05919,48.26893,0
          23.06069,48.26715,0
          23.06077,48.26708,0
          23.06078,48.26708,0
          23.06092,48.26695,0
          23.06122,48.26675,0
          23.06129,48.26669,0
          23.0616,48.26634,0
          23.06178,48.26617,0
          23.06224,48.2658,0
          23.06242,48.26561,0
          23.06251,48.26546,0
          23.06255,48.26538,0
          23.06262,48.26527,0
          23.06287,48.26494,0
          23.06321,48.26455,0
          23.06362,48.26414,0
          23.0639,48.26389,0
          23.0646,48.26331,0
          23.06471,48.2632,0
          23.06477,48.26313,0
          23.06489,48.26295,0
          23.0649,48.26294,0
          23.06499,48.26277,0
          23.06508,48.26255,0
          23.0652,48.26237,0
          23.0654,48.26217,0
          23.06556,48.26203,0
          23.06574,48.2619,0
          23.06597,48.26177,0
          23.06618,48.26167,0
          23.06619,48.26167,0
          23.06637,48.26157,0
          23.06639,48.26155,0
          23.0665,48.26147,0
          23.06654,48.26145,0
          23.06671,48.2613,0
          23.06697,48.26104,0
          23.06709,48.2609,0
          23.06719,48.2608,0
          23.0673,48.26071,0
          23.06744,48.26061,0
          23.06748,48.26059,0
          23.06749,48.26058,0
          23.06777,48.26047,0
          23.0685,48.26032,0
          23.06893,48.26026,0
          23.06939,48.26015,0
          23.06964,48.26003,0
          23.06977,48.25995,0
          23.06991,48.25983,0
          23.07,48.2597,0
          23.07002,48.25968,0
          23.07009,48.25951,0
          23.07011,48.2594,0
          23.07012,48.25937,0
          23.07013,48.25899,0
          23.07019,48.25832,0
          23.07019,48.25805,0
          23.07013,48.2576,0
          23.07012,48.25756,0
          23.0701,48.2573,0
          23.07017,48.25698,0
          23.07021,48.25689,0
          23.07023,48.25683,0
          23.07037,48.25656,0
          23.0706,48.25622,0
          23.0706,48.25621,0
          23.07085,48.25589,0
          23.07117,48.2554,0
          23.07127,48.25527,0
          23.07138,48.25515,0
          23.07223,48.25435,0
          23.07247,48.25418,0
          23.07279,48.254,0
          23.07318,48.2538,0
          23.07348,48.25369,0
          23.07399,48.25356,0
          23.07834,48.25259,0
          23.07837,48.25259,0
          23.07855,48.25253,0
          23.07883,48.25247,0
          23.07884,48.25247,0
          23.08087,48.25202,0
          23.08134,48.25187,0
          23.08164,48.25172,0
          23.08187,48.25159,0
          23.08217,48.25136,0
          23.08254,48.25102,0
          23.08283,48.25073,0
          23.08294,48.25058,0
          23.08304,48.25046,0
          23.08327,48.2501,0
          23.08335,48.24991,0
          23.08372,48.24915,0
          23.08382,48.24888,0
          23.08409,48.24828,0
          23.08419,48.24803,0
          23.08437,48.24765,0
          23.08437,48.24764,0
          23.08454,48.24731,0
          23.0847,48.24706,0
          23.08476,48.24698,0
          23.08491,48.24681,0
          23.08503,48.24669,0
          23.08521,48.24654,0
          23.08538,48.24642,0
          23.08539,48.24641,0
          23.08557,48.24629,0
          23.08558,48.24628,0
          23.08574,48.24619,0
          23.08586,48.24611,0
          23.086,48.24605,0
          23.08603,48.24603,0
          23.08631,48.24591,0
          23.0867,48.24578,0
          23.08672,48.24578,0
          23.0908,48.24487,0
          23.09123,48.24479,0
          23.0945,48.24406,0
          23.09483,48.24396,0
          23.09526,48.2438,0
          23.09547,48.2437,0
          23.09565,48.24358,0
          23.09584,48.24347,0
          23.09608,48.24329,0
          23.0964,48.243,0
          23.09651,48.24287,0
          23.09656,48.2428,0
          23.09663,48.24272,0
          23.09668,48.24264,0
          23.09669,48.24263,0
          23.09691,48.2422,0
          23.09823,48.23837,0
          23.09851,48.2375,0
          23.09868,48.23707,0
          23.09875,48.23695,0
          23.09889,48.23675,0
          23.099,48.23662,0
          23.09913,48.2365,0
          23.09945,48.23625,0
          23.10056,48.23556,0
          23.10101,48.23523,0
          23.10117,48.23509,0
          23.1013,48.23496,0
          23.1016,48.2346,0
          23.10251,48.23325,0
          23.10255,48.23318,0
          23.10445,48.23043,0
          23.10455,48.23026,0
          23.10483,48.22987,0
          23.10509,48.22948,0
          23.10522,48.22935,0
          23.10555,48.22906,0
          23.10596,48.22881,0
          23.10725,48.22813,0
          23.10743,48.228,0
          23.10748,48.22795,0
          23.1076,48.22781,0
          23.10764,48.22772,0
          23.10767,48.22767,0
          23.10769,48.22758,0
          23.1077,48.22756,0
          23.10772,48.22739,0
          23.10772,48.22727,0
          23.10771,48.22717,0
          23.10767,48.22703,0
          23.10764,48.22696,0
          23.10759,48.22687,0
          23.10756,48.2268,0
          23.10752,48.22674,0
          23.10751,48.22671,0
          23.1073,48.22646,0
          23.10712,48.22628,0
          23.10554,48.22483,0
          23.10553,48.22481,0
          23.10543,48.22471,0
          23.10538,48.22465,0
          23.10527,48.22448,0
          23.10519,48.22433,0
          23.10515,48.22422,0
          23.10508,48.22395,0
          23.10506,48.2238,0
          23.10506,48.22357,0
          23.10509,48.22292,0
          23.10512,48.22256,0
          23.10523,48.22041,0
          23.10523,48.21982,0
          23.10518,48.21954,0
          23.10516,48.21948,0
          23.10509,48.21934,0
          23.10497,48.21917,0
          23.10486,48.21904,0
          23.10473,48.21892,0
          23.10453,48.21877,0
          23.10425,48.21861,0
          23.1026,48.2178,0
          23.10248,48.21772,0
          23.10242,48.21769,0
          23.10218,48.2175,0
          23.10212,48.21744,0
          23.10205,48.21731,0
          23.10199,48.21715,0
          23.10197,48.21704,0
          23.10196,48.21691,0
          23.10207,48.21467,0
          23.10208,48.21418,0
          23.10209,48.21406,0
          23.10212,48.21394,0
          23.10216,48.21382,0
          23.10221,48.2137,0
          23.10227,48.21362,0
          23.10236,48.21352,0
          23.10251,48.2134,0
          23.10259,48.21335,0
          23.10276,48.21327,0
          23.10286,48.21324,0
          23.10317,48.21317,0
          23.10334,48.21315,0
          23.10374,48.21315,0
          23.10819,48.21336,0
          23.11008,48.21354,0
          23.11374,48.21397,0
          23.11412,48.214,0
          23.11445,48.21398,0
          23.11483,48.21391,0
          23.11495,48.21387,0
          23.11511,48.21379,0
          23.11522,48.21372,0
          23.11532,48.21364,0
          23.11546,48.21348,0
          23.11551,48.2134,0
          23.11556,48.21324,0
          23.11562,48.21273,0
          23.11577,48.21094,0
          23.1158,48.21076,0
          23.11585,48.21056,0
          23.1159,48.21043,0
          23.11597,48.21031,0
          23.11607,48.21017,0
          23.11609,48.21013,0
          23.11618,48.21003,0
          23.11639,48.20984,0
          23.11656,48.20971,0
          23.11676,48.20959,0
          23.11677,48.20958,0
          23.11702,48.20945,0
          23.1174,48.20932,0
          23.1177,48.20925,0
          23.11818,48.20919,0
          23.1183,48.20919,0
          23.11844,48.20918,0
          23.11865,48.20919,0
          23.11884,48.20921,0
          23.11888,48.20922,0
          23.1192,48.20926,0
          23.11964,48.20938,0
          23.11985,48.20945,0
          23.12065,48.20978,0
          23.1235,48.21104,0
          23.12524,48.21185,0
          23.12645,48.21237,0
          23.12674,48.21246,0
          23.12698,48.21251,0
          23.12722,48.21253,0
          23.1275,48.21253,0
          23.12791,48.21249,0
          23.12811,48.21245,0
          23.12837,48.21237,0
          23.12876,48.21221,0
          23.13677,48.2085,0
          23.13726,48.20823,0
          23.13769,48.20795,0
          23.13836,48.20746,0
          23.13918,48.20675,0
          23.13934,48.2066,0
          23.13943,48.20653,0
          23.1397,48.20626,0
          23.13985,48.20609,0
          23.13999,48.20588,0
          23.14012,48.20564,0
          23.1402,48.20544,0
          23.14029,48.20514,0
          23.14033,48.20472,0
          23.14033,48.204,0
          23.14034,48.2039,0
          23.14034,48.2036,0
          23.14032,48.20352,0
          23.1403,48.2034,0
          23.14028,48.20334,0
          23.14024,48.20327,0
          23.14018,48.20319,0
          23.14,48.203,0
          23.13975,48.2028,0
          23.13955,48.20267,0
          23.13946,48.20262,0
          23.13917,48.2025,0
          23.13893,48.20243,0
          23.13882,48.20241,0
          23.13868,48.20237,0
          23.1386,48.20236,0
          23.13835,48.2023,0
          23.13812,48.20226,0
          23.1379,48.20224,0
          23.13781,48.20224,0
          23.13776,48.20225,0
          23.13771,48.20225,0
          23.13768,48.20226,0
          23.13763,48.20227,0
          23.13757,48.20229,0
          23.13742,48.20236,0
          23.13739,48.20239,0
          23.13717,48.20267,0
          23.13704,48.2028,0
          23.13691,48.20289,0
          23.1368,48.20292,0
          23.13668,48.20294,0
          23.1365,48.20294,0
          23.13648,48.20293,0
          23.13638,48.20292,0
          23.13617,48.20288,0
          23.13576,48.2027,0
          23.13519,48.20238,0
          23.13508,48.20227,0
          23.13505,48.2022,0
          23.13504,48.20216,0
          23.13505,48.20212,0
          23.13507,48.20207,0
          23.1351,48.20203,0
          23.13513,48.202,0
          23.13516,48.20198,0
          23.13518,48.20196,0
          23.13532,48.20192,0
          23.13538,48.20191,0
          23.13548,48.20191,0
          23.13558,48.20192,0
          23.13581,48.202,0
          23.13611,48.20213,0
          23.1362,48.20215,0
          23.13628,48.20216,0
          23.13644,48.20216,0
          23.13649,48.20214,0
          23.13653,48.20213,0
          23.13661,48.20209,0
          23.13663,48.20206,0
          23.13669,48.202,0
          23.1367,48.20197,0
          23.1367,48.20196,0
          23.13672,48.20186,0
          23.13664,48.20151,0
          23.13662,48.20136,0
          23.13662,48.20126,0
          23.13664,48.20122,0
          23.13665,48.20117,0
          23.13669,48.20113,0
          23.13673,48.2011,0
          23.13677,48.20106,0
          23.13688,48.20102,0
          23.13703,48.20098,0
          23.13749,48.20099,0
          23.13849,48.20107,0
          23.1412,48.20112,0
          23.14219,48.20116,0
          23.14297,48.20116,0
          23.14311,48.20115,0
          23.14322,48.20113,0
          23.14328,48.20111,0
          23.14339,48.20109,0
          23.14344,48.20107,0
          23.14364,48.20102,0
          23.14413,48.2008,0
          23.14417,48.20079,0
          23.14432,48.20071,0
          23.14447,48.20061,0
          23.14453,48.20056,0
          23.14455,48.20055,0
          23.14465,48.20045,0
          23.14473,48.20034,0
          23.14476,48.20022,0
          23.14476,48.20011,0
          23.14475,48.20008,0
          23.14466,48.19989,0
          23.14452,48.19975,0
          23.14435,48.19963,0
          23.14415,48.19952,0
          23.14157,48.19832,0
          23.14154,48.1983,0
          23.14144,48.19825,0
          23.14111,48.19804,0
          23.14099,48.19793,0
          23.14096,48.19789,0
          23.14093,48.19784,0
          23.14091,48.19777,0
          23.14091,48.19764,0
          23.14095,48.19751,0
          23.14099,48.19742,0
          23.14115,48.19726,0
          23.14169,48.1968,0
          23.14242,48.19622,0
          23.14248,48.19616,0
          23.14277,48.19596,0
          23.14295,48.19585,0
          23.14314,48.19575,0
          23.14336,48.19565,0
          23.14337,48.19564,0
          23.14387,48.19545,0
          23.14414,48.19536,0
          23.14456,48.19524,0
          23.14519,48.19516,0
          23.14786,48.19492,0
          23.14792,48.19491,0
          23.16016,48.19382,0
          23.16031,48.1938,0
          23.16337,48.19353,0
          23.1635,48.19353,0
          23.16364,48.19351,0
          23.16651,48.19325,0
          23.16658,48.19325,0
          23.16939,48.19301,0
          23.16945,48.193,0
          23.192,48.19093,0
          23.19207,48.1909,0
          23.19209,48.1909,0
          23.19213,48.19089,0
          23.19218,48.19089,0
          23.19534,48.19058,0
          23.19567,48.19057,0
          23.19571,48.19058,0
          23.19819,48.19035,0
          23.21537,48.18762,0
          23.21548,48.18761,0
          23.21918,48.18708,0
          23.2192,48.18707,0
          23.21943,48.18705,0
          23.21944,48.18704,0
          23.23179,48.1853,0
          23.23929,48.18446,0
          23.23948,48.18443,0
          23.24264,48.18408,0
          23.25115,48.18299,0
          23.2514,48.18292,0
          23.25226,48.18281,0
          23.25229,48.18281,0
          23.25347,48.18267,0
          23.25351,48.18267,0
          23.25359,48.18266,0
          23.25365,48.18266,0
          23.25371,48.18265,0
          23.25389,48.18265,0
          23.25392,48.18264,0
          23.26145,48.18165,0
          23.2617,48.18164,0
          23.26191,48.18168,0
          23.26241,48.1818,0
          23.26256,48.18182,0
          23.26267,48.18182,0
          23.26278,48.18181,0
          23.2644,48.18139,0
          23.26503,48.18125,0
          23.26531,48.18121,0
          23.26579,48.18117,0
          23.26848,48.18105,0
          23.26916,48.18097,0
          23.27196,48.18047,0
          23.2721,48.18046,0
          23.27259,48.18046,0
          23.27278,48.18047,0
          23.27292,48.18049,0
          23.27299,48.18056,0
          23.27317,48.1807,0
          23.27329,48.18083,0
          23.27336,48.18095,0
          23.27349,48.18113,0
          23.2738,48.1815,0
          23.274,48.18169,0
          23.27425,48.18189,0
          23.27429,48.18191,0
          23.2746,48.18213,0
          23.27472,48.1822,0
          23.27633,48.18301,0
          23.27761,48.1837,0
          23.27822,48.18407,0
          23.27832,48.18415,0
          23.27838,48.18418,0
          23.27881,48.18449,0
          23.27904,48.18467,0
          23.27943,48.18502,0
          23.28116,48.1868,0
          23.28211,48.18771,0
          23.28321,48.18861,0
          23.28355,48.18886,0
          23.28404,48.18927,0
          23.28437,48.18957,0
          23.28471,48.18996,0
          23.2853,48.19075,0
          23.2863,48.19227,0
          23.28671,48.19294,0
          23.28739,48.19395,0
          23.28786,48.19472,0
          23.28793,48.19481,0
          23.28939,48.19705,0
          23.29065,48.19874,0
          23.29116,48.19933,0
          23.29145,48.19962,0
          23.29197,48.20008,0
          23.29222,48.20026,0
          23.29261,48.2005,0
          23.293,48.20069,0
          23.2933,48.20081,0
          23.29358,48.2009,0
          23.29405,48.20102,0
          23.29458,48.20112,0
          23.2953,48.20117,0
          23.29591,48.20117,0
          23.29689,48.2011,0
          23.29776,48.20097,0
          23.3015,48.2002,0
          23.30152,48.20019,0
          23.30856,48.19872,0
          23.30882,48.19864,0
          23.30917,48.19841,0
          23.30928,48.19835,0
          23.30931,48.19831,0
          23.30932,48.19831,0
          23.30936,48.19826,0
          23.30947,48.19819,0
          23.30956,48.19816,0
          23.30971,48.19814,0
          23.30987,48.19814,0
          23.30997,48.19816,0
          23.31007,48.19821,0
          23.31018,48.19829,0
          23.31024,48.19837,0
          23.31026,48.19842,0
          23.31027,48.19847,0
          23.31025,48.19857,0
          23.31024,48.19858,0
          23.31023,48.19861,0
          23.31026,48.19887,0
          23.31029,48.19898,0
          23.31034,48.19906,0
          23.31053,48.19928,0
          23.3115,48.20026,0
          23.31261,48.20144,0
          23.31305,48.20188,0
          23.31314,48.20196,0
          23.3135,48.20232,0
          23.32075,48.20893,0
          23.32139,48.20947,0
          23.32195,48.20997,0
          23.32222,48.21019,0
          23.32379,48.21156,0
          23.32435,48.2121,0
          23.32454,48.21236,0
          23.32459,48.21245,0
          23.32464,48.21252,0
          23.32548,48.21433,0
          23.32556,48.21444,0
          23.32564,48.2145,0
          23.32578,48.21456,0
          23.32588,48.21459,0
          23.32603,48.21462,0
          23.32631,48.21465,0
          23.32729,48.2147,0
          23.32748,48.21473,0
          23.32771,48.21479,0
          23.32809,48.21493,0
          23.32899,48.21541,0
          23.32916,48.21551,0
          23.3297,48.21578,0
          23.33037,48.21618,0
          23.33106,48.21664,0
          23.33173,48.21706,0
          23.33197,48.21719,0
          23.33218,48.21729,0
          23.33291,48.21759,0
          23.33427,48.21826,0
          23.34141,48.22194,0
          23.34743,48.22497,0
          23.34898,48.22572,0
          23.34901,48.22573,0
          23.34975,48.22608,0
          23.35261,48.22728,0
          23.35405,48.22784,0
          23.35669,48.2287,0
          23.3569,48.22879,0
          23.35714,48.22887,0
          23.35714,48.22888,0
          23.35772,48.2291,0
          23.35849,48.22942,0
          23.36609,48.233,0
          23.36691,48.23333,0
          23.37732,48.23686,0
          23.38193,48.23868,0
          23.38241,48.23889,0
          23.38249,48.23894,0
          23.38259,48.23899,0
          23.383,48.23925,0
          23.38506,48.24066,0
          23.38868,48.24343,0
          23.38994,48.2443,0
          23.39173,48.24546,0
          23.39405,48.24674,0
          23.39772,48.24868,0
          23.39798,48.24884,0
          23.4012,48.25123,0
          23.40132,48.25131,0
          23.40384,48.2532,0
          23.40594,48.25492,0
          23.40598,48.25496,0
          23.4116,48.25965,0
          23.41198,48.25994,0
          23.41275,48.26048,0
          23.41522,48.26195,0
          23.41546,48.26205,0
          23.41554,48.26207,0
          23.41562,48.2621,0
          23.41945,48.26294,0
          23.42256,48.26356,0
          23.423,48.26366,0
          23.42615,48.26453,0
          23.42656,48.26466,0
          23.42697,48.26481,0
          23.42715,48.26489,0
          23.42736,48.265,0
          23.42768,48.2652,0
          23.4284,48.26571,0
          23.42892,48.26611,0
          23.42987,48.26676,0
          23.43041,48.26705,0
          23.43176,48.26768,0
          23.4324,48.26792,0
          23.4343,48.26848,0
          23.43474,48.26863,0
          23.43519,48.26886,0
          23.43636,48.26961,0
          23.4385,48.2705,0
          23.44402,48.27311,0
          23.44991,48.27574,0
          23.46439,48.28202,0
          23.46532,48.28248,0
          23.46662,48.2832,0
          23.46685,48.28334,0
          23.46739,48.2836,0
          23.46794,48.28382,0
          23.46878,48.28404,0
          23.46927,48.28421,0
          23.46952,48.28431,0
          23.46992,48.28452,0
          23.47018,48.2847,0
          23.47147,48.28585,0
          23.47165,48.28599,0
          23.47209,48.28628,0
          23.47244,48.28649,0
          23.47249,48.28651,0
          23.4727,48.28663,0
          23.47292,48.28673,0
          23.47319,48.28688,0
          23.47325,48.28692,0
          23.47336,48.28703,0
          23.47343,48.28715,0
          23.47358,48.28747,0
          23.47374,48.288,0
          23.47394,48.28851,0
          23.47401,48.28864,0
          23.4741,48.28875,0
          23.47427,48.28891,0
          23.47459,48.28913,0
          23.47492,48.28933,0
          23.47553,48.28967,0
          23.4761,48.29001,0
          23.47623,48.2901,0
          23.47632,48.29019,0
          23.4764,48.29029,0
          23.47657,48.29056,0
          23.47683,48.29121,0
          23.47687,48.29134,0
          23.47702,48.29171,0
          23.47707,48.29181,0
          23.47713,48.29191,0
          23.4772,48.29201,0
          23.47736,48.29219,0
          23.47771,48.29253,0
          23.47795,48.29283,0
          23.47808,48.29296,0
          23.47831,48.29314,0
          23.47859,48.29339,0
          23.47908,48.2939,0
          23.47957,48.29429,0
          23.47994,48.29456,0
          23.47996,48.29457,0
          23.48004,48.29465,0
          23.48011,48.29471,0
          23.4804,48.29517,0
          23.48053,48.29533,0
          23.48058,48.29537,0
          23.48063,48.29542,0
          23.48086,48.29561,0
          23.48101,48.2957,0
          23.48111,48.29574,0
          23.48116,48.29577,0
          23.4817,48.29598,0
          23.48199,48.29605,0
          23.48214,48.29607,0
          23.48241,48.29613,0
          23.48283,48.29625,0
          23.48343,48.29647,0
          23.48359,48.29655,0
          23.48374,48.29664,0
          23.4839,48.29675,0
          23.48415,48.29688,0
          23.48429,48.29692,0
          23.48437,48.29695,0
          23.48467,48.29703,0
          23.48514,48.29721,0
          23.48536,48.29731,0
          23.48545,48.29736,0
          23.48581,48.29753,0
          23.48589,48.29758,0
          23.48601,48.29767,0
          23.48634,48.29796,0
          23.4864,48.29799,0
          23.4865,48.29802,0
          23.48657,48.29803,0
          23.48665,48.29806,0
          23.48674,48.29814,0
          23.48725,48.29886,0
          23.48766,48.29938,0
          23.48792,48.29966,0
          23.48817,48.2999,0
          23.48843,48.30013,0
          23.48897,48.30053,0
          23.48922,48.30074,0
          23.48939,48.30091,0
          23.48979,48.30153,0
          23.48985,48.30166,0
          23.4899,48.30184,0
          23.49005,48.30276,0
          23.49011,48.30322,0
          23.4902,48.30351,0
          23.49026,48.30362,0
          23.49103,48.3053,0
          23.49115,48.30553,0
          23.49115,48.30554,0
          23.49125,48.30573,0
          23.49157,48.30618,0
          23.49308,48.30846,0
          23.49328,48.30881,0
          23.49337,48.30895,0
          23.4937,48.3096,0
          23.49372,48.30966,0
          23.49382,48.31007,0
          23.49385,48.31029,0
          23.49393,48.31062,0
          23.49413,48.31108,0
          23.49422,48.31123,0
          23.49438,48.31146,0
          23.49464,48.31177,0
          23.49473,48.31189,0
          23.49479,48.31199,0
          23.49489,48.31219,0
          23.49502,48.31249,0
          23.4951,48.31283,0
          23.4951,48.31284,0
          23.49521,48.31319,0
          23.49541,48.31371,0
          23.49553,48.31398,0
          23.4956,48.31411,0
          23.49562,48.31413,0
          23.49575,48.31433,0
          23.4967,48.31555,0
          23.49683,48.3157,0
          23.49706,48.316,0
          23.49731,48.31629,0
          23.49869,48.31765,0
          23.49888,48.31779,0
          23.49911,48.31792,0
          23.49956,48.31815,0
          23.50007,48.3185,0
          23.50068,48.31897,0
          23.50146,48.31947,0
          23.50171,48.31965,0
          23.50223,48.32008,0
          23.50257,48.32042,0
          23.50279,48.32061,0
          23.50307,48.32082,0
          23.50325,48.32094,0
          23.5036,48.32111,0
          23.5045,48.32147,0
          23.50472,48.32154,0
          23.50497,48.32164,0
          23.50512,48.32172,0
          23.50521,48.32178,0
          23.50531,48.32188,0
          23.50533,48.32191,0
          23.50539,48.32198,0
          23.50582,48.32275,0
          23.5061,48.32321,0
          23.50612,48.32325,0
          23.50644,48.32372,0
          23.50645,48.32374,0
          23.50662,48.32396,0
          23.50678,48.32423,0
          23.5068,48.32425,0
          23.50696,48.32461,0
          23.50712,48.32508,0
          23.50713,48.3251,0
          23.50722,48.32535,0
          23.50728,48.32563,0
          23.50729,48.32566,0
          23.50742,48.32633,0
          23.50742,48.32634,0
          23.50745,48.32651,0
          23.50745,48.32652,0
          23.50751,48.32679,0
          23.50776,48.32745,0
          23.50784,48.32774,0
          23.50787,48.32782,0
          23.50792,48.328,0
          23.50796,48.3281,0
          23.50825,48.32906,0
          23.5083,48.32929,0
          23.50831,48.32938,0
          23.50829,48.32955,0
          23.50829,48.3296,0
          23.50825,48.32971,0
          23.50824,48.32972,0
          23.50822,48.32977,0
          23.50817,48.32984,0
          23.50787,48.3302,0
          23.50711,48.3312,0
          23.507,48.33132,0
          23.50698,48.33135,0
          23.50686,48.33148,0
          23.50614,48.3321,0
          23.50502,48.3332,0
          23.50425,48.33412,0
          23.50423,48.33415,0
          23.50386,48.33457,0
          23.50372,48.33478,0
          23.50371,48.33479,0
          23.50362,48.33495,0
          23.50361,48.33496,0
          23.50357,48.33508,0
          23.50355,48.33512,0
          23.5035,48.3353,0
          23.50348,48.33534,0
          23.50332,48.33582,0
          23.50328,48.336,0
          23.50321,48.33623,0
          23.50319,48.33646,0
          23.50319,48.33664,0
          23.5032,48.33678,0
          23.50322,48.3369,0
          23.50323,48.33692,0
          23.50327,48.33708,0
          23.50346,48.33746,0
          23.50357,48.33773,0
          23.50371,48.33803,0
          23.50391,48.33837,0
          23.50399,48.33849,0
          23.50431,48.33888,0
          23.5047,48.33931,0
          23.50487,48.33945,0
          23.5054,48.33973,0
          23.50574,48.33988,0
          23.50608,48.34001,0
          23.5068,48.34033,0
          23.50725,48.34049,0
          23.50761,48.34058,0
          23.50763,48.34059,0
          23.50783,48.34062,0
          23.50788,48.34062,0
          23.50793,48.34063,0
          23.5082,48.34064,0
          23.50827,48.34065,0
          23.50834,48.34068,0
          23.50836,48.3407,0
          23.50838,48.34071,0
          23.5084,48.34074,0
          23.50845,48.34078,0
          23.50852,48.34085,0
          23.50878,48.34129,0
          23.50882,48.34137,0
          23.50884,48.34139,0
          23.50886,48.3414,0
          23.50888,48.34142,0
          23.50892,48.34144,0
          23.50904,48.34146,0
          23.50938,48.34147,0
          23.50984,48.34153,0
          23.51007,48.34158,0
          23.51014,48.34161,0
          23.51022,48.34163,0
          23.51037,48.34169,0
          23.51061,48.34181,0
          23.51091,48.34201,0
          23.511,48.34208,0
          23.51112,48.34216,0
          23.51123,48.34221,0
          23.51135,48.34228,0
          23.5142,48.34369,0
          23.51429,48.34375,0
          23.51438,48.34382,0
          23.51484,48.34423,0
          23.51556,48.34474,0
          23.51558,48.34475,0
          23.51577,48.34488,0
          23.51618,48.34512,0
          23.51623,48.34514,0
          23.51634,48.3452,0
          23.5164,48.34522,0
          23.51646,48.34525,0
          23.51658,48.34529,0
          23.51664,48.3453,0
          23.51679,48.34534,0
          23.51836,48.34564,0
          23.51922,48.34583,0
          23.52005,48.34608,0
          23.52164,48.34673,0
          23.52165,48.34674,0
          23.52176,48.34679,0
          23.52188,48.34686,0
          23.52204,48.34697,0
          23.52205,48.34697,0
          23.52244,48.34727,0
          23.5228,48.34762,0
          23.52297,48.34787,0
          23.52314,48.34823,0
          23.52323,48.34849,0
          23.52332,48.34866,0
          23.52349,48.34893,0
          23.52379,48.3493,0
          23.52381,48.34933,0
          23.52382,48.34936,0
          23.52382,48.34939,0
          23.5238,48.34945,0
          23.52379,48.3495,0
          23.52379,48.34958,0
          23.52459,48.3507,0
          23.52494,48.35115,0
          23.52496,48.3512,0
          23.52576,48.35244,0
          23.52585,48.35254,0
          23.52592,48.35263,0
          23.52596,48.35267,0
          23.526,48.3527,0
          23.52633,48.353,0
          23.52676,48.35336,0
          23.52697,48.35351,0
          23.52703,48.35356,0
          23.52773,48.35397,0
          23.5287,48.35463,0
          23.52927,48.35493,0
          23.52946,48.35506,0
          23.52969,48.35524,0
          23.52984,48.35539,0
          23.52988,48.35542,0
          23.53026,48.35585,0
          23.53035,48.35592,0
          23.53066,48.35611,0
          23.53099,48.35627,0
          23.53126,48.35636,0
          23.53139,48.35639,0
          23.53152,48.35643,0
          23.53168,48.35646,0
          23.53198,48.3565,0
          23.53251,48.35652,0
          23.53289,48.35649,0
          23.53327,48.35644,0
          23.53331,48.35644,0
          23.53369,48.35638,0
          23.53402,48.35631,0
          23.53411,48.3563,0
          23.53421,48.35628,0
          23.53535,48.35617,0
          23.53651,48.356,0
          23.53719,48.35586,0
          23.53776,48.3558,0
          23.53799,48.35579,0
          23.53823,48.35576,0
          23.5386,48.35568,0
          23.53876,48.35563,0
          23.53922,48.35546,0
          23.54125,48.35456,0
          23.54281,48.35378,0
          23.54373,48.35342,0
          23.5438,48.3534,0
          23.54451,48.35309,0
          23.54466,48.353,0
          23.54495,48.35276,0
          23.54503,48.35271,0
          23.54517,48.35265,0
          23.54552,48.35256,0
          23.5456,48.35255,0
          23.54669,48.35234,0
          23.54683,48.35233,0
          23.54724,48.35234,0
          23.54739,48.35236,0
          23.54786,48.35248,0
          23.54841,48.35265,0
          23.54861,48.35274,0
          23.5487,48.3528,0
          23.54897,48.35305,0
          23.54934,48.35342,0
          23.54943,48.35352,0
          23.54953,48.35365,0
          23.54957,48.35372,0
          23.54963,48.35387,0
          23.54963,48.35397,0
          23.54962,48.35408,0
          23.54947,48.35485,0
          23.54945,48.35519,0
          23.54948,48.35536,0
          23.54952,48.35552,0
          23.54968,48.35577,0
          23.54977,48.35587,0
          23.54995,48.356,0
          23.55023,48.35616,0
          23.55042,48.35624,0
          23.55064,48.35631,0
          23.55097,48.35638,0
          23.55241,48.35659,0
          23.5528,48.35659,0
          23.55344,48.35654,0
          23.55383,48.35649,0
          23.55489,48.35632,0
          23.55503,48.35631,0
          23.55529,48.35631,0
          23.55551,48.35634,0
          23.5557,48.35638,0
          23.55604,48.35651,0
          23.55605,48.35652,0
          23.55645,48.35675,0
          23.55714,48.35724,0
          23.55786,48.35789,0
          23.55815,48.3581,0
          23.55829,48.35818,0
          23.55843,48.35824,0
          23.55844,48.35825,0
          23.55868,48.35835,0
          23.55897,48.35845,0
          23.55988,48.3587,0
          23.5599,48.35871,0
          23.56047,48.35886,0
          23.56171,48.35926,0
          23.56199,48.35937,0
          23.56214,48.35944,0
          23.56261,48.35972,0
          23.56316,48.36012,0
          23.56325,48.36017,0
          23.5635,48.36034,0
          23.56365,48.36043,0
          23.56384,48.36052,0
          23.56385,48.36053,0
          23.56404,48.3606,0
          23.56445,48.36073,0
          23.56492,48.36091,0
          23.56529,48.3611,0
          23.56553,48.36121,0
          23.56577,48.3613,0
          23.56642,48.36148,0
          23.56733,48.36169,0
          23.56785,48.36183,0
          23.56871,48.36209,0
          23.56893,48.36217,0
          23.56931,48.36235,0
          23.56931,48.36236,0
          23.56979,48.36266,0
          23.5702,48.36295,0
          23.5713,48.36362,0
          23.57178,48.36388,0
          23.57202,48.36399,0
          23.57279,48.36425,0
          23.5728,48.36425,0
          23.57319,48.36443,0
          23.57331,48.3645,0
          23.57343,48.36459,0
          23.57364,48.3648,0
          23.57427,48.36552,0
          23.57443,48.36573,0
          23.57452,48.36587,0
          23.57466,48.36613,0
          23.57486,48.36644,0
          23.57514,48.3668,0
          23.57528,48.36705,0
          23.5754,48.36734,0
          23.57584,48.36853,0
          23.57605,48.36918,0
          23.57612,48.36945,0
          23.57614,48.36956,0
          23.57616,48.36977,0
          23.57615,48.36995,0
          23.57615,48.37015,0
          23.57612,48.37034,0
          23.57594,48.37253,0
          23.57578,48.37347,0
          23.5757,48.37382,0
          23.57564,48.37442,0
          23.57564,48.37486,0
          23.57568,48.37533,0
          23.57576,48.37575,0
          23.57588,48.37621,0
          23.57598,48.37646,0
          23.57598,48.37647,0
          23.57624,48.37693,0
          23.57632,48.37709,0
          23.57644,48.37742,0
          23.57656,48.37792,0
          23.57656,48.37793,0
          23.57661,48.37811,0
          23.5767,48.37834,0
          23.57685,48.37865,0
          23.57704,48.37898,0
          23.57801,48.38021,0
          23.57822,48.3804,0
          23.57838,48.38052,0
          23.57997,48.38152,0
          23.58048,48.38187,0
          23.58065,48.38196,0
          23.58069,48.38197,0
          23.58129,48.38218,0
          23.58391,48.38299,0
          23.58398,48.38302,0
          23.58422,48.3831,0
          23.58468,48.38329,0
          23.58522,48.38356,0
          23.58553,48.38374,0
          23.58565,48.3838,0
          23.58573,48.38386,0
          23.58613,48.3841,0
          23.58646,48.38433,0
          23.58708,48.38481,0
          23.58709,48.38481,0
          23.5873,48.38497,0
          23.58757,48.38524,0
          23.58763,48.38531,0
          23.58776,48.38549,0
          23.58782,48.3856,0
          23.58792,48.38582,0
          23.58801,48.3861,0
          23.58813,48.38665,0
          23.58817,48.38707,0
          23.58817,48.38723,0
          23.58816,48.38729,0
          23.58816,48.38733,0
          23.58811,48.38756,0
          23.5881,48.38758,0
          23.58794,48.38805,0
          23.58778,48.38845,0
          23.58778,48.38846,0
          23.5877,48.38861,0
          23.58759,48.38876,0
          23.5874,48.38896,0
          23.58715,48.38916,0
          23.58683,48.38937,0
          23.58639,48.38962,0
          23.58588,48.38984,0
          23.58514,48.39009,0
          23.58482,48.39023,0
          23.5841,48.39065,0
          23.58409,48.39066,0
          23.58391,48.39077,0
          23.58347,48.39108,0
          23.58303,48.39143,0
          23.58268,48.39173,0
          23.58222,48.39218,0
          23.58201,48.39243,0
          23.58174,48.39286,0
          23.58168,48.39303,0
          23.58166,48.3933,0
          23.58166,48.39349,0
          23.58168,48.39367,0
          23.58169,48.3937,0
          23.58172,48.39385,0
          23.58189,48.39434,0
          23.58191,48.3945,0
          23.58191,48.39461,0
          23.58186,48.39503,0
          23.58165,48.39636,0
          23.58152,48.39698,0
          23.58145,48.3972,0
          23.58143,48.39724,0
          23.58139,48.39735,0
          23.58129,48.39755,0
          23.58128,48.39758,0
          23.5812,48.39775,0
          23.5811,48.39792,0
          23.58108,48.39794,0
          23.58101,48.39803,0
          23.58098,48.39808,0
          23.58094,48.39812,0
          23.58057,48.39858,0
          23.58027,48.39905,0
          23.58018,48.39922,0
          23.58017,48.39923,0
          23.58004,48.39944,0
          23.57989,48.39962,0
          23.57983,48.39971,0
          23.57947,48.40013,0
          23.5792,48.4005,0
          23.57919,48.40053,0
          23.57885,48.401,0
          23.57838,48.40173,0
          23.57834,48.40181,0
          23.57834,48.40182,0
          23.57831,48.40188,0
          23.57829,48.40196,0
          23.57827,48.4021,0
          23.57829,48.40253,0
          23.57832,48.40274,0
          23.5784,48.40294,0
          23.57858,48.40327,0
          23.57866,48.4034,0
          23.57867,48.40341,0
          23.57871,48.40351,0
          23.57874,48.40361,0
          23.57881,48.40393,0
          23.57886,48.4041,0
          23.5789,48.40428,0
          23.57891,48.40429,0
          23.57895,48.40444,0
          23.57896,48.40446,0
          23.57898,48.40455,0
          23.57901,48.40463,0
          23.57907,48.40474,0
          23.57924,48.40496,0
          23.57991,48.40574,0
          23.57996,48.40579,0
          23.58024,48.40603,0
          23.58113,48.40665,0
          23.58175,48.40703,0
          23.58262,48.40744,0
          23.58274,48.40751,0
          23.58292,48.40759,0
          23.58384,48.40794,0
          23.58431,48.4081,0
          23.58482,48.40831,0
          23.58494,48.40837,0
          23.58496,48.40839,0
          23.58504,48.40844,0
          23.58514,48.40853,0
          23.58518,48.40856,0
          23.5854,48.40884,0
          23.58584,48.40957,0
          23.5861,48.41005,0
          23.58636,48.41062,0
          23.58644,48.41092,0
          23.58645,48.41102,0
          23.58645,48.41112,0
          23.58641,48.41133,0
          23.58638,48.41143,0
          23.58626,48.41168,0
          23.58613,48.41188,0
          23.58593,48.41211,0
          23.58579,48.41225,0
          23.58572,48.41231,0
          23.58538,48.41251,0
          23.5826,48.4139,0
          23.58245,48.41401,0
          23.58229,48.41411,0
          23.58169,48.41457,0
          23.58103,48.41504,0
          23.58075,48.41522,0
          23.57984,48.41585,0
          23.57958,48.4161,0
          23.57939,48.41631,0
          23.57912,48.41657,0
          23.57877,48.41694,0
          23.57857,48.41724,0
          23.5784,48.41758,0
          23.57831,48.41786,0
          23.57827,48.41811,0
          23.57825,48.41839,0
          23.57827,48.41859,0
          23.57834,48.41887,0
          23.57845,48.41911,0
          23.57849,48.41917,0
          23.57893,48.41972,0
          23.58002,48.42092,0
          23.58034,48.4213,0
          23.5807,48.42178,0
          23.58099,48.42228,0
          23.58112,48.42254,0
          23.58124,48.42282,0
          23.58143,48.42332,0
          23.58147,48.42339,0
          23.58168,48.42388,0
          23.58191,48.42434,0
          23.582,48.42445,0
          23.5826,48.425,0
          23.5833,48.42554,0
          23.58343,48.42568,0
          23.58349,48.42577,0
          23.58357,48.42592,0
          23.58359,48.42603,0
          23.58359,48.42624,0
          23.58349,48.42672,0
          23.58324,48.42711,0
          23.58305,48.42738,0
          23.58288,48.42758,0
          23.58276,48.4277,0
          23.58243,48.42799,0
          23.58211,48.42821,0
          23.58206,48.42825,0
          23.58191,48.42833,0
          23.58183,48.42839,0
          23.58036,48.42909,0
          23.58009,48.42917,0
          23.57983,48.42923,0
          23.57906,48.42929,0
          23.5789,48.42928,0
          23.57854,48.42932,0
          23.57851,48.42933,0
          23.57809,48.42934,0
          23.57774,48.42938,0
          23.57766,48.4294,0
          23.57695,48.42952,0
          23.57694,48.42953,0
          23.57672,48.42959,0
          23.5767,48.42959,0
          23.57631,48.42972,0
          23.57593,48.42987,0
          23.57555,48.43006,0
          23.57507,48.43035,0
          23.57496,48.43043,0
          23.57456,48.43067,0
          23.57454,48.43069,0
          23.57436,48.43082,0
          23.57424,48.43094,0
          23.57422,48.43095,0
          23.57409,48.43104,0
          23.5733,48.43167,0
          23.57317,48.4318,0
          23.57307,48.43194,0
          23.57267,48.43281,0
          23.57264,48.43289,0
          23.57246,48.43324,0
          23.5724,48.43331,0
          23.57233,48.43341,0
          23.57218,48.43356,0
          23.57194,48.43383,0
          23.57189,48.4339,0
          23.57181,48.43407,0
          23.57176,48.43442,0
          23.57176,48.43472,0
          23.57177,48.4349,0
          23.57177,48.43542,0
          23.57174,48.43558,0
          23.57168,48.43581,0
          23.57162,48.43599,0
          23.57156,48.43614,0
          23.57146,48.43632,0
          23.57142,48.43637,0
          23.57138,48.43641,0
          23.5712,48.43654,0
          23.57081,48.43677,0
          23.56989,48.4372,0
          23.56908,48.43754,0
          23.56857,48.43771,0
          23.56832,48.43778,0
          23.56754,48.43812,0
          23.56699,48.43845,0
          23.5665,48.43879,0
          23.56611,48.43901,0
          23.56605,48.43905,0
          23.56571,48.43924,0
          23.56433,48.43993,0
          23.56395,48.44008,0
          23.56386,48.4401,0
          23.56367,48.44016,0
          23.56263,48.44042,0
          23.56218,48.44055,0
          23.56118,48.4409,0
          23.56068,48.4411,0
          23.56025,48.44125,0
          23.5591,48.44171,0
          23.55904,48.44174,0
          23.55745,48.44237,0
          23.55705,48.4425,0
          23.55444,48.44325,0
          23.55354,48.44354,0
          23.55299,48.44375,0
          23.55137,48.44446,0
          23.55042,48.44494,0
          23.55025,48.44501,0
          23.55008,48.44506,0
          23.54982,48.4451,0
          23.54948,48.44512,0
          23.54892,48.44512,0
          23.54861,48.44516,0
          23.54816,48.44526,0
          23.54736,48.44547,0
          23.54734,48.44547,0
          23.54577,48.446,0
          23.54456,48.44633,0
          23.54418,48.44642,0
          23.54413,48.44644,0
          23.54401,48.44652,0
          23.54388,48.44657,0
          23.54335,48.4467,0
          23.5419,48.447,0
          23.54184,48.44702,0
          23.54163,48.44706,0
          23.54127,48.44716,0
          23.54104,48.44724,0
          23.54086,48.44732,0
          23.54024,48.44756,0
          23.54017,48.4476,0
          23.54002,48.44766,0
          23.53981,48.44776,0
          23.53944,48.44803,0
          23.53921,48.44822,0
          23.53873,48.44852,0
          23.53782,48.44895,0
          23.53767,48.44901,0
          23.53697,48.44939,0
          23.53667,48.4496,0
          23.53645,48.44977,0
          23.53595,48.45021,0
          23.53577,48.4504,0
          23.53525,48.45101,0
          23.53493,48.45134,0
          23.53479,48.45146,0
          23.53438,48.45174,0
          23.53399,48.45196,0
          23.53365,48.45211,0
          23.53354,48.45217,0
          23.53217,48.45262,0
          23.53191,48.45268,0
          23.53002,48.45291,0
          23.52798,48.45311,0
          23.52752,48.45318,0
          23.5275,48.45318,0
          23.52403,48.45378,0
          23.52372,48.45386,0
          23.5234,48.45396,0
          23.52306,48.4541,0
          23.52138,48.45491,0
          23.52112,48.45502,0
          23.52007,48.45535,0
          23.51978,48.45541,0
          23.51919,48.45545,0
          23.51829,48.45546,0
          23.51765,48.45551,0
          23.51712,48.45558,0
          23.5166,48.45569,0
          23.51613,48.45584,0
          23.51528,48.45617,0
          23.5148,48.45638,0
          23.51453,48.45652,0
          23.5145,48.45653,0
          23.51435,48.45661,0
          23.51403,48.45684,0
          23.51368,48.45715,0
          23.51361,48.45724,0
          23.51351,48.45735,0
          23.51338,48.45755,0
          23.51325,48.45783,0
          23.51307,48.45834,0
          23.51303,48.45843,0
          23.51286,48.45868,0
          23.51275,48.45879,0
          23.51254,48.45895,0
          23.51232,48.45908,0
          23.51135,48.45951,0
          23.51084,48.45971,0
          23.51035,48.45988,0
          23.50908,48.46024,0
          23.50775,48.46056,0
          23.50743,48.46065,0
          23.50698,48.4608,0
          23.50632,48.46105,0
          23.5062,48.46113,0
          23.50599,48.46124,0
          23.5055,48.46157,0
          23.50543,48.46163,0
          23.50506,48.46199,0
          23.50486,48.46223,0
          23.50474,48.4624,0
          23.50461,48.46267,0
          23.50418,48.46397,0
          23.50393,48.46492,0
          23.5039,48.46516,0
          23.50389,48.46541,0
          23.50394,48.4658,0
          23.50398,48.4659,0
          23.50421,48.4663,0
          23.50436,48.46652,0
          23.50443,48.46661,0
          23.50463,48.467,0
          23.50482,48.46729,0
          23.50483,48.46732,0
          23.50503,48.46759,0
          23.50521,48.4678,0
          23.50612,48.46867,0
          23.50627,48.46884,0
          23.50629,48.46885,0
          23.5064,48.469,0
          23.50645,48.46905,0
          23.50653,48.46916,0
          23.50659,48.46923,0
          23.50664,48.46932,0
          23.5068,48.46956,0
          23.50695,48.46982,0
          23.50738,48.47048,0
          23.50756,48.47073,0
          23.5076,48.47081,0
          23.50769,48.47094,0
          23.50781,48.47115,0
          23.5079,48.47139,0
          23.50798,48.47166,0
          23.50799,48.47179,0
          23.50794,48.47347,0
          23.50793,48.47352,0
          23.50789,48.47401,0
          23.50786,48.4747,0
          23.50786,48.4749,0
          23.50788,48.47516,0
          23.50793,48.47534,0
          23.50799,48.47562,0
          23.50804,48.47598,0
          23.508,48.47643,0
          23.50797,48.47658,0
          23.50793,48.47673,0
          23.50757,48.47785,0
          23.50749,48.47798,0
          23.50744,48.47812,0
          23.50742,48.4782,0
          23.50742,48.47827,0
          23.50741,48.47835,0
          23.50742,48.47869,0
          23.50743,48.4788,0
          23.50747,48.47987,0
          23.50746,48.47997,0
          23.50746,48.48005,0
          23.50742,48.48033,0
          23.5074,48.4804,0
          23.50737,48.48046,0
          23.50724,48.48064,0
          23.50707,48.48079,0
          23.50684,48.48109,0
          23.5067,48.4813,0
          23.50636,48.48206,0
          23.50623,48.4824,0
          23.50608,48.48294,0
          23.50608,48.48295,0
          23.50602,48.48313,0
          23.50594,48.4833,0
          23.50584,48.48344,0
          23.50523,48.48401,0
          23.50499,48.48427,0
          23.50498,48.48429,0
          23.50483,48.48444,0
          23.50482,48.48446,0
          23.50465,48.4846,0
          23.50453,48.48468,0
          23.50425,48.48482,0
          23.50404,48.4849,0
          23.50402,48.4849,0
          23.50365,48.485,0
          23.50342,48.48503,0
          23.50289,48.48507,0
          23.50266,48.48507,0
          23.50189,48.485,0
          23.50162,48.48496,0
          23.49954,48.48455,0
          23.49945,48.48454,0
          23.49814,48.48429,0
          23.49788,48.48425,0
          23.49786,48.48424,0
          23.49762,48.4842,0
          23.49749,48.48417,0
          23.49735,48.48416,0
          23.49722,48.48414,0
          23.49704,48.48413,0
          23.49681,48.48414,0
          23.49635,48.48421,0
          23.49629,48.48423,0
          23.49577,48.48435,0
          23.49576,48.48435,0
          23.49552,48.48441,0
          23.49526,48.48446,0
          23.49388,48.48478,0
          23.49297,48.48502,0
          23.4926,48.48523,0
          23.49255,48.48528,0
          23.49237,48.4854,0
          23.49221,48.48554,0
          23.49199,48.48569,0
          23.4912,48.48616,0
          23.49062,48.48643,0
          23.48998,48.48669,0
          23.4888,48.48709,0
          23.48869,48.48715,0
          23.4886,48.48722,0
          23.4885,48.48731,0
          23.48842,48.48742,0
          23.48835,48.48758,0
          23.48816,48.4881,0
          23.48774,48.48962,0
          23.48767,48.48978,0
          23.48758,48.48995,0
          23.4874,48.49018,0
          23.48731,48.49027,0
          23.48718,48.49036,0
          23.48695,48.4905,0
          23.48674,48.49061,0
          23.486,48.4909,0
          23.48553,48.49106,0
          23.48552,48.49107,0
          23.48472,48.49135,0
          23.4844,48.49154,0
          23.48439,48.49154,0
          23.48415,48.49175,0
          23.48411,48.49181,0
          23.48407,48.49185,0
          23.48405,48.49188,0
          23.48402,48.49199,0
          23.48402,48.4921,0
          23.48405,48.49215,0
          23.48409,48.4922,0
          23.48414,48.49225,0
          23.48419,48.49229,0
          23.48424,48.49232,0
          23.48461,48.49249,0
          23.48515,48.4927,0
          23.48609,48.49303,0
          23.48611,48.49305,0
          23.48634,48.49314,0
          23.48655,48.49326,0
          23.48674,48.4934,0
          23.48703,48.49364,0
          23.48717,48.49377,0
          23.4875,48.49413,0
          23.48772,48.49452,0
          23.48779,48.49469,0
          23.488,48.49534,0
          23.48809,48.49551,0
          23.48828,48.49579,0
          23.4888,48.49646,0
          23.48889,48.49656,0
          23.489,48.4967,0
          23.48915,48.49685,0
          23.48927,48.49695,0
          23.48948,48.49709,0
          23.48974,48.49722,0
          23.48991,48.49729,0
          23.49015,48.49736,0
          23.49045,48.49742,0
          23.49106,48.49749,0
          23.49153,48.49751,0
          23.49195,48.4975,0
          23.49241,48.49747,0
          23.49248,48.49746,0
          23.4934,48.49739,0
          23.49366,48.49739,0
          23.494,48.49741,0
          23.49424,48.49744,0
          23.49439,48.49748,0
          23.49456,48.49754,0
          23.49484,48.49766,0
          23.49501,48.49771,0
          23.49502,48.49771,0
          23.49527,48.49777,0
          23.49598,48.4979,0
          23.49628,48.49791,0
          23.4966,48.49787,0
          23.4975,48.49771,0
          23.49763,48.4977,0
          23.49799,48.49772,0
          23.49868,48.49784,0
          23.49942,48.49805,0
          23.5008,48.49853,0
          23.50111,48.49858,0
          23.50218,48.49882,0
          23.5025,48.49891,0
          23.50273,48.49899,0
          23.50294,48.49908,0
          23.50317,48.49921,0
          23.50344,48.49938,0
          23.50374,48.49962,0
          23.504,48.49989,0
          23.50402,48.4999,0
          23.50419,48.5001,0
          23.50485,48.50071,0
          23.50569,48.50141,0
          23.50573,48.50145,0
          23.50617,48.50179,0
          23.50648,48.50207,0
          23.50689,48.50241,0
          23.50697,48.50246,0
          23.50705,48.5025,0
          23.50725,48.50257,0
          23.50738,48.50263,0
          23.50742,48.50266,0
          23.50777,48.50304,0
          23.50797,48.5034,0
          23.50809,48.50375,0
          23.50813,48.50393,0
          23.50816,48.50416,0
          23.5082,48.50567,0
          23.50816,48.50604,0
          23.50776,48.50822,0
          23.50759,48.50899,0
          23.50758,48.50909,0
          23.50752,48.5094,0
          23.50744,48.50968,0
          23.50714,48.51026,0
          23.50693,48.51072,0
          23.50693,48.51073,0
          23.50683,48.51103,0
          23.50664,48.51198,0
          23.50659,48.51217,0
          23.50648,48.51249,0
          23.50624,48.51304,0
          23.50616,48.51325,0
          23.50613,48.51336,0
          23.50607,48.51375,0
          23.50605,48.51608,0
          23.50603,48.51636,0
          23.50598,48.51667,0
          23.50598,48.51676,0
          23.50599,48.51678,0
          23.50599,48.51679,0
          23.50571,48.51718,0
          23.50517,48.51811,0
          23.50517,48.51812,0
          23.50514,48.51815,0
          23.50444,48.51903,0
          23.50275,48.52137,0
          23.50238,48.52182,0
          23.50209,48.52226,0
          23.50181,48.52264,0
          23.50147,48.52294,0
          23.50139,48.52299,0
          23.50099,48.5234,0
          23.50093,48.52348,0
          23.50089,48.52352,0
          23.50071,48.5242,0
          23.50057,48.52449,0
          23.50057,48.5245,0
          23.50041,48.52475,0
          23.50006,48.52522,0
          23.49987,48.52566,0
          23.4998,48.52598,0
          23.49979,48.52617,0
          23.49984,48.52673,0
          23.49988,48.52692,0
          23.50013,48.52771,0
          23.50016,48.52789,0
          23.50017,48.52814,0
          23.50016,48.52835,0
          23.50017,48.52877,0
          23.50018,48.52887,0
          23.50021,48.52886,0
          23.50024,48.52884,0
          23.50027,48.52884,0
          23.50031,48.52883,0
          23.50081,48.52885,0
          23.50104,48.52888,0
          23.5012,48.52892,0
          23.50134,48.52897,0
          23.50206,48.52927,0
          23.50247,48.52939,0
          23.50291,48.52946,0
          23.50466,48.52965,0
          23.50541,48.5297,0
          23.50559,48.5297,0
          23.50654,48.52963,0
          23.50717,48.52963,0
          23.5073,48.52964,0
          23.50814,48.52976,0
          23.5083,48.52977,0
          23.50862,48.52977,0
          23.50867,48.52976,0
          23.50942,48.52972,0
          23.50992,48.52973,0
          23.51024,48.52976,0
          23.51163,48.52994,0
          23.51199,48.53003,0
          23.51469,48.53106,0
          23.51523,48.53113,0
          23.51692,48.53122,0
          23.51708,48.53122,0
          23.51737,48.53124,0
          23.51777,48.53124,0
          23.51812,48.53119,0
          23.51856,48.53111,0
          23.51866,48.5311,0
          23.51879,48.5311,0
          23.51883,48.53111,0
          23.51886,48.53111,0
          23.51899,48.53113,0
          23.51915,48.53118,0
          23.5194,48.53129,0
          23.52014,48.53177,0
          23.5205,48.53197,0
          23.52056,48.53199,0
          23.52064,48.53203,0
          23.52078,48.53207,0
          23.52106,48.53213,0
          23.52278,48.53232,0
          23.52445,48.53245,0
          23.5246,48.53247,0
          23.52477,48.53248,0
          23.52526,48.53256,0
          23.52631,48.53277,0
          23.52669,48.53286,0
          23.52851,48.53322,0
          23.52854,48.53322,0
          23.52903,48.53332,0
          23.52992,48.53357,0
          23.53053,48.53379,0
          23.53119,48.53407,0
          23.5312,48.53407,0
          23.53141,48.53418,0
          23.53148,48.53421,0
          23.53224,48.53464,0
          23.53226,48.53466,0
          23.53355,48.5354,0
          23.53365,48.53545,0
          23.53406,48.53562,0
          23.53422,48.53567,0
          23.53449,48.53573,0
          23.53464,48.53575,0
          23.53483,48.53576,0
          23.53521,48.53576,0
          23.53611,48.53573,0
          23.53663,48.53573,0
          23.53707,48.53571,0
          23.53728,48.53569,0
          23.53746,48.53566,0
          23.53799,48.53564,0
          23.53839,48.53564,0
          23.5387,48.53566,0
          23.53886,48.53568,0
          23.53959,48.53584,0
          23.54059,48.53612,0
          23.54093,48.53624,0
          23.5415,48.53652,0
          23.54224,48.53694,0
          23.54254,48.53709,0
          23.54293,48.53724,0
          23.5435,48.53739,0
          23.54352,48.53739,0
          23.54457,48.53758,0
          23.54563,48.53774,0
          23.54588,48.53776,0
          23.54601,48.53776,0
          23.54612,48.53775,0
          23.54617,48.53775,0
          23.54631,48.53773,0
          23.54663,48.53764,0
          23.54739,48.53736,0
          23.54757,48.53731,0
          23.5477,48.53729,0
          23.54804,48.53726,0
          23.54821,48.53727,0
          23.54831,48.53729,0
          23.54841,48.5373,0
          23.54869,48.53738,0
          23.54916,48.53757,0
          23.54928,48.53763,0
          23.54939,48.53767,0
          23.55072,48.53824,0
          23.55076,48.53825,0
          23.55089,48.5383,0
          23.55108,48.53836,0
          23.55147,48.53845,0
          23.55151,48.53845,0
          23.55175,48.5385,0
          23.55328,48.53871,0
          23.55362,48.53878,0
          23.55562,48.5393,0
          23.55564,48.53931,0
          23.55603,48.53945,0
          23.55639,48.53963,0
          23.55653,48.53972,0
          23.55654,48.53972,0
          23.55753,48.5405,0
          23.55777,48.54071,0
          23.55801,48.54094,0
          23.55803,48.54095,0
          23.56061,48.54368,0
          23.56075,48.54384,0
          23.56076,48.54384,0
          23.56103,48.54414,0
          23.56136,48.54448,0
          23.56189,48.54496,0
          23.56216,48.54516,0
          23.5628,48.54549,0
          23.56281,48.5455,0
          23.56513,48.54655,0
          23.56535,48.54667,0
          23.56546,48.54674,0
          23.56554,48.54678,0
          23.56562,48.54684,0
          23.56584,48.54705,0
          23.56758,48.54924,0
          23.5676,48.54926,0
          23.5682,48.55,0
          23.56837,48.55018,0
          23.5684,48.55022,0
          23.56852,48.55033,0
          23.56858,48.5504,0
          23.56986,48.55146,0
          23.56991,48.55151,0
          23.57002,48.5516,0
          23.57003,48.5516,0
          23.57028,48.55175,0
          23.57046,48.55183,0
          23.57061,48.55188,0
          23.57076,48.55192,0
          23.57099,48.55196,0
          23.57112,48.55197,0
          23.57124,48.55197,0
          23.57161,48.55193,0
          23.5721,48.55184,0
          23.57214,48.55184,0
          23.57234,48.5518,0
          23.57241,48.5518,0
          23.57247,48.55179,0
          23.57289,48.55179,0
          23.57565,48.55199,0
          23.57748,48.55209,0
          23.57754,48.5521,0
          23.58107,48.55227,0
          23.58126,48.55227,0
          23.58142,48.55226,0
          23.58158,48.55224,0
          23.58175,48.55223,0
          23.5822,48.55217,0
          23.58478,48.55174,0
          23.58626,48.55143,0
          23.58683,48.55133,0
          23.58725,48.5513,0
          23.5875,48.5513,0
          23.58848,48.55137,0
          23.58872,48.5514,0
          23.58919,48.55143,0
          23.58957,48.55147,0
          23.58969,48.5515,0
          23.59003,48.55167,0
          23.59038,48.55193,0
          23.59045,48.55199,0
          23.59063,48.55208,0
          23.59081,48.55213,0
          23.59082,48.55214,0
          23.59098,48.55214,0
          23.59108,48.55212,0
          23.59109,48.55212,0
          23.59118,48.5521,0
          23.59133,48.55202,0
          23.5914,48.55195,0
          23.59144,48.55188,0
          23.59145,48.55185,0
          23.59145,48.55175,0
          23.59144,48.5517,0
          23.59141,48.55165,0
          23.5913,48.55154,0
          23.59079,48.55108,0
          23.59057,48.55091,0
          23.59045,48.55085,0
          23.59042,48.55083,0
          23.59024,48.55075,0
          23.59023,48.55074,0
          23.59,48.55065,0
          23.58999,48.55065,0
          23.58932,48.5504,0
          23.58883,48.55019,0
          23.58858,48.55006,0
          23.58846,48.54996,0
          23.58841,48.54988,0
          23.58838,48.5498,0
          23.58839,48.54977,0
          23.58839,48.54975,0
          23.5884,48.54969,0
          23.58842,48.54963,0
          23.58844,48.54959,0
          23.58849,48.54953,0
          23.58874,48.54929,0
          23.58931,48.5488,0
          23.5897,48.54857,0
          23.59009,48.54842,0
          23.59034,48.54835,0
          23.59044,48.54833,0
          23.59069,48.54826,0
          23.59082,48.54821,0
          23.59104,48.54811,0
          23.59119,48.54798,0
          23.59125,48.5479,0
          23.5913,48.5478,0
          23.5913,48.54779,0
          23.59132,48.54773,0
          23.59133,48.54767,0
          23.59133,48.54761,0
          23.59132,48.5476,0
          23.59131,48.54752,0
          23.59123,48.54729,0
          23.59085,48.54639,0
          23.59076,48.54623,0
          23.59072,48.54617,0
          23.59067,48.54613,0
          23.5906,48.54609,0
          23.59059,48.54608,0
          23.59051,48.54605,0
          23.59035,48.54601,0
          23.59019,48.54599,0
          23.58737,48.54628,0
          23.58694,48.54636,0
          23.5867,48.54642,0
          23.58652,48.54648,0
          23.58611,48.54665,0
          23.58591,48.54672,0
          23.58583,48.54676,0
          23.58567,48.5468,0
          23.58566,48.5468,0
          23.58563,48.54681,0
          23.58558,48.54681,0
          23.58552,48.54682,0
          23.58548,48.54682,0
          23.58542,48.54681,0
          23.58539,48.5468,0
          23.58537,48.54678,0
          23.58532,48.54675,0
          23.58527,48.54671,0
          23.58524,48.54666,0
          23.58523,48.54662,0
          23.58523,48.54658,0
          23.58524,48.54653,0
          23.58526,48.54649,0
          23.58529,48.54646,0
          23.58533,48.54643,0
          23.58538,48.5464,0
          23.58546,48.54637,0
          23.58547,48.54637,0
          23.58562,48.54634,0
          23.58624,48.54625,0
          23.58638,48.54622,0
          23.58698,48.54606,0
          23.58966,48.54524,0
          23.59,48.5451,0
          23.59026,48.54493,0
          23.5907,48.54476,0
          23.59085,48.54472,0
          23.5909,48.5447,0
          23.59189,48.54453,0
          23.59289,48.54442,0
          23.59299,48.54439,0
          23.59341,48.54429,0
          23.59374,48.54419,0
          23.59486,48.54368,0
          23.5954,48.54339,0
          23.59548,48.54333,0
          23.59558,48.54328,0
          23.59567,48.5432,0
          23.59569,48.54319,0
          23.59581,48.54308,0
          23.59584,48.54302,0
          23.59584,48.54291,0
          23.59583,48.54288,0
          23.59583,48.54283,0
          23.59578,48.5427,0
          23.59566,48.54245,0
          23.59541,48.54221,0
          23.59529,48.54207,0
          23.59517,48.5419,0
          23.59511,48.54176,0
          23.59511,48.54161,0
          23.59513,48.54152,0
          23.5952,48.54133,0
          23.59528,48.54122,0
          23.59536,48.54113,0
          23.59559,48.54091,0
          23.5957,48.54084,0
          23.59597,48.54057,0
          23.59605,48.54047,0
          23.59615,48.5403,0
          23.59618,48.54026,0
          23.59624,48.54013,0
          23.59626,48.54011,0
          23.59635,48.53987,0
          23.59641,48.53976,0
          23.59651,48.53962,0
          23.59665,48.53946,0
          23.59689,48.53924,0
          23.59698,48.53919,0
          23.59717,48.53906,0
          23.59745,48.53889,0
          23.59782,48.53873,0
          23.59816,48.53862,0
          23.5985,48.53879,0
          23.59878,48.53901,0
          23.59887,48.5391,0
          23.59894,48.53919,0
          23.59897,48.53925,0
          23.59898,48.53926,0
          23.59902,48.53938,0
          23.59902,48.53943,0
          23.59903,48.53947,0
          23.59903,48.53958,0
          23.59898,48.53971,0
          23.59884,48.53995,0
          23.59883,48.53996,0
          23.59861,48.54036,0
          23.59858,48.54046,0
          23.59873,48.54075,0
          23.59886,48.54092,0
          23.59895,48.54101,0
          23.59912,48.54127,0
          23.59919,48.54143,0
          23.59919,48.54145,0
          23.59921,48.54154,0
          23.59921,48.54164,0
          23.59919,48.54173,0
          23.59912,48.54194,0
          23.59909,48.54198,0
          23.59902,48.54213,0
          23.59882,48.54248,0
          23.59882,48.54249,0
          23.59844,48.54297,0
          23.59841,48.54302,0
          23.59825,48.54318,0
          23.59812,48.54333,0
          23.59781,48.54364,0
          23.59777,48.54371,0
          23.59776,48.54374,0
          23.59774,48.54378,0
          23.59773,48.54385,0
          23.59773,48.54397,0
          23.59777,48.54405,0
          23.59784,48.54412,0
          23.5979,48.54417,0
          23.59805,48.54425,0
          23.59843,48.54419,0
          23.59855,48.54415,0
          23.59856,48.54414,0
          23.59865,48.5441,0
          23.59877,48.54398,0
          23.59882,48.54392,0
          23.59895,48.54379,0
          23.59905,48.54372,0
          23.59906,48.54371,0
          23.59932,48.54355,0
          23.60003,48.54325,0
          23.60053,48.54293,0
          23.60137,48.54205,0
          23.60151,48.54186,0
          23.60158,48.54175,0
          23.6016,48.54167,0
          23.6016,48.54151,0
          23.60157,48.54133,0
          23.60155,48.54126,0
          23.60154,48.54106,0
          23.60155,48.54097,0
          23.60155,48.54088,0
          23.60165,48.54053,0
          23.60173,48.54036,0
          23.60201,48.53994,0
          23.60209,48.53985,0
          23.60213,48.53978,0
          23.60218,48.53972,0
          23.60223,48.53961,0
          23.60224,48.5396,0
          23.60229,48.53947,0
          23.60229,48.53944,0
          23.60231,48.53933,0
          23.60231,48.53926,0
          23.60234,48.53903,0
          23.60236,48.53872,0
          23.60243,48.53847,0
          23.6027,48.53804,0
          23.60271,48.53801,0
          23.60307,48.53741,0
          23.60308,48.53737,0
          23.60323,48.53708,0
          23.60327,48.53695,0
          23.60329,48.53685,0
          23.60329,48.5367,0
          23.60322,48.53646,0
          23.6031,48.53619,0
          23.60295,48.5358,0
          23.60295,48.53579,0
          23.60283,48.53543,0
          23.60281,48.53531,0
          23.60281,48.53518,0
          23.60286,48.53494,0
          23.60309,48.53432,0
          23.60341,48.53333,0
          23.60349,48.53316,0
          23.60359,48.53299,0
          23.6039,48.53265,0
          23.60462,48.53202,0
          23.60475,48.53188,0
          23.60484,48.53175,0
          23.6049,48.53145,0
          23.6049,48.5313,0
          23.60489,48.53127,0
          23.60487,48.53093,0
          23.60489,48.53077,0
          23.60501,48.53047,0
          23.60505,48.53039,0
          23.60514,48.53024,0
          23.60529,48.53009,0
          23.60549,48.52994,0
          23.60607,48.52956,0
          23.60625,48.52946,0
          23.60627,48.52944,0
          23.60658,48.5292,0
          23.60679,48.52902,0
          23.60708,48.5287,0
          23.60733,48.52839,0
          23.60742,48.52823,0
          23.60747,48.5281,0
          23.60747,48.52801,0
          23.60745,48.52791,0
          23.60733,48.52773,0
          23.60721,48.52752,0
          23.60719,48.52737,0
          23.6072,48.52723,0
          23.60721,48.52719,0
          23.60723,48.52685,0
          23.60724,48.52683,0
          23.60729,48.5266,0
          23.60732,48.52619,0
          23.60731,48.52593,0
          23.60719,48.52519,0
          23.60718,48.52496,0
          23.60721,48.52483,0
          23.60725,48.52472,0
          23.60742,48.52443,0
          23.60817,48.52338,0
          23.60837,48.52312,0
          23.6086,48.52291,0
          23.60885,48.52279,0
          23.60903,48.52272,0
          23.60928,48.52267,0
          23.6093,48.52266,0
          23.61001,48.52256,0
          23.6103,48.52247,0
          23.61033,48.52245,0
          23.61062,48.52233,0
          23.61132,48.522,0
          23.61219,48.52141,0
          23.61226,48.52137,0
          23.61405,48.5199,0
          23.61423,48.51977,0
          23.61468,48.51941,0
          23.6157,48.51869,0
          23.61607,48.51846,0
          23.61608,48.51845,0
          23.61627,48.51835,0
          23.61653,48.51826,0
          23.6173,48.51808,0
          23.61818,48.51784,0
          23.61863,48.51768,0
          23.619,48.51752,0
          23.61944,48.51731,0
          23.62067,48.51661,0
          23.62071,48.51658,0
          23.62107,48.51636,0
          23.62118,48.51628,0
          23.6216,48.51604,0
          23.62199,48.51586,0
          23.62243,48.51569,0
          23.62411,48.51513,0
          23.62497,48.51482,0
          23.6252,48.51504,0
          23.62536,48.51523,0
          23.62547,48.51533,0
          23.62558,48.51541,0
          23.62578,48.51548,0
          23.62606,48.51553,0
          23.627,48.51562,0
          23.62713,48.51564,0
          23.62802,48.51585,0
          23.62808,48.51589,0
          23.62811,48.51592,0
          23.62816,48.51601,0
          23.62821,48.51613,0
          23.62833,48.51652,0
          23.62837,48.51684,0
          23.62839,48.51782,0
          23.62836,48.51862,0
          23.62839,48.51877,0
          23.62843,48.51884,0
          23.62845,48.51889,0
          23.62855,48.519,0
          23.62856,48.519,0
          23.6288,48.51917,0
          23.62904,48.51927,0
          23.62958,48.51958,0
          23.62969,48.51966,0
          23.62991,48.51987,0
          23.63004,48.52003,0
          23.63012,48.52011,0
          23.63066,48.52058,0
          23.63222,48.52209,0
          23.63271,48.52252,0
          23.63289,48.52266,0
          23.63397,48.5234,0
          23.63402,48.52344,0
          23.63446,48.52373,0
          23.63475,48.52394,0
          23.63476,48.52396,0
          23.63498,48.52422,0
          23.63539,48.52495,0
          23.6354,48.52495,0
          23.63564,48.5254,0
          23.63715,48.52738,0
          23.63716,48.5274,0
          23.63739,48.52764,0
          23.63777,48.52792,0
          23.63782,48.52794,0
          23.63833,48.52828,0
          23.63864,48.52845,0
          23.63948,48.5288,0
          23.63993,48.52904,0
          23.63994,48.52905,0
          23.6402,48.52924,0
          23.64072,48.52972,0
          23.64098,48.53,0
          23.64155,48.53084,0
          23.64186,48.5312,0
          23.64233,48.53163,0
          23.64298,48.53213,0
          23.64354,48.53265,0
          23.6439,48.53286,0
          23.64445,48.5331,0
          23.64523,48.53349,0
          23.64562,48.53361,0
          23.64628,48.53372,0
          23.64692,48.53385,0
          23.64745,48.53402,0
          23.64769,48.53414,0
          23.64774,48.53418,0
          23.64813,48.53443,0
          23.64918,48.53498,0
          23.64944,48.53521,0
          23.6496,48.53544,0
          23.64974,48.53568,0
          23.64991,48.53618,0
          23.64995,48.53651,0
          23.64998,48.53668,0
          23.65015,48.5372,0
          23.65022,48.53749,0
          23.65025,48.53788,0
          23.65026,48.53792,0
          23.65034,48.53809,0
          23.65034,48.5381,0
          23.65038,48.53817,0
          23.65041,48.5382,0
          23.65053,48.53828,0
          23.65062,48.53831,0
          23.65081,48.53842,0
          23.65088,48.53848,0
          23.65093,48.53854,0
          23.65098,48.53865,0
          23.65099,48.53866,0
          23.65105,48.53885,0
          23.65112,48.53899,0
          23.65113,48.53916,0
          23.65119,48.5394,0
          23.65126,48.53951,0
          23.65142,48.5398,0
          23.65153,48.53995,0
          23.65165,48.54008,0
          23.65187,48.54044,0
          23.65208,48.54116,0
          23.6521,48.54121,0
          23.6522,48.54155,0
          23.65232,48.54185,0
          23.65247,48.5423,0
          23.65251,48.54238,0
          23.65253,48.54244,0
          23.65255,48.54248,0
          23.65258,48.54256,0
          23.65265,48.54283,0
          23.65291,48.5433,0
          23.65298,48.54339,0
          23.65306,48.54347,0
          23.65318,48.54361,0
          23.65333,48.54372,0
          23.65353,48.54392,0
          23.65374,48.54422,0
          23.65379,48.54431,0
          23.65389,48.54446,0
          23.65397,48.54456,0
          23.65404,48.54468,0
          23.65407,48.5448,0
          23.654,48.54561,0
          23.65399,48.54566,0
          23.65394,48.54609,0
          23.65387,48.54651,0
          23.65386,48.54677,0
          23.65382,48.54687,0
          23.6537,48.54712,0
          23.65356,48.54738,0
          23.65326,48.54777,0
          23.65307,48.5482,0
          23.65307,48.54825,0
          23.65303,48.54867,0
          23.65308,48.54893,0
          23.65312,48.54905,0
          23.6533,48.54945,0
          23.65332,48.54948,0
          23.65343,48.54961,0
          23.65352,48.54976,0
          23.65369,48.54997,0
          23.65403,48.55043,0
          23.65475,48.55132,0
          23.65484,48.55147,0
          23.65489,48.55153,0
          23.6551,48.55204,0
          23.65515,48.55223,0
          23.6552,48.55238,0
          23.6552,48.55241,0
          23.65531,48.55276,0
          23.65532,48.55278,0
          23.65551,48.55337,0
          23.65551,48.55348,0
          23.6555,48.55361,0
          23.65545,48.55378,0
          23.65541,48.55383,0
          23.65536,48.55392,0
          23.65503,48.55424,0
          23.65443,48.55465,0
          23.65372,48.55524,0
          23.65364,48.55533,0
          23.65355,48.55541,0
          23.65342,48.55558,0
          23.65332,48.5558,0
          23.65329,48.55597,0
          23.65327,48.55656,0
          23.65318,48.55728,0
          23.65313,48.55753,0
          23.65312,48.55768,0
          23.65307,48.55782,0
          23.65306,48.55792,0
          23.65294,48.55829,0
          23.65294,48.55834,0
          23.65293,48.55837,0
          23.65292,48.55842,0
          23.65288,48.55855,0
          23.65281,48.55871,0
          23.6528,48.55872,0
          23.65256,48.55908,0
          23.65226,48.55937,0
          23.65215,48.55949,0
          23.65212,48.55957,0
          23.65206,48.55963,0
          23.65203,48.5597,0
          23.65202,48.55975,0
          23.65202,48.55991,0
          23.65203,48.55998,0
          23.65205,48.56003,0
          23.65211,48.56012,0
          23.65217,48.56019,0
          23.65224,48.56026,0
          23.65231,48.5603,0
          23.65259,48.56035,0
          23.65275,48.56034,0
          23.65311,48.56034,0
          23.65322,48.56033,0
          23.6534,48.56035,0
          23.65362,48.56035,0
          23.65371,48.56036,0
          23.65414,48.56044,0
          23.65438,48.56054,0
          23.65509,48.56089,0
          23.65544,48.56111,0
          23.6561,48.56159,0
          23.65624,48.56172,0
          23.6564,48.56192,0
          23.65654,48.56213,0
          23.65685,48.56305,0
          23.65693,48.56324,0
          23.65696,48.56329,0
          23.65717,48.5635,0
          23.65731,48.5637,0
          23.65732,48.5637,0
          23.65765,48.56414,0
          23.65775,48.56429,0
          23.6578,48.56439,0
          23.65813,48.56483,0
          23.65826,48.56502,0
          23.65833,48.56511,0
          23.65849,48.56528,0
          23.6587,48.56542,0
          23.65895,48.56553,0
          23.65934,48.56568,0
          23.6594,48.56572,0
          23.6597,48.56589,0
          23.66051,48.56642,0
          23.66105,48.56683,0
          23.66149,48.56713,0
          23.66158,48.5672,0
          23.66168,48.56726,0
          23.66206,48.56753,0
          23.66282,48.56791,0
          23.66297,48.56797,0
          23.66323,48.56815,0
          23.66342,48.56832,0
          23.66345,48.56836,0
          23.66373,48.56863,0
          23.66377,48.56865,0
          23.66387,48.56872,0
          23.66422,48.56901,0
          23.66484,48.56967,0
          23.66496,48.56985,0
          23.66506,48.56998,0
          23.66507,48.57001,0
          23.66524,48.57034,0
          23.66529,48.57046,0
          23.66531,48.57053,0
          23.66545,48.57087,0
          23.66546,48.57087,0
          23.66553,48.57099,0
          23.66562,48.57106,0
          23.66573,48.57112,0
          23.66588,48.57118,0
          23.66603,48.57122,0
          23.66642,48.57136,0
          23.66677,48.57144,0
          23.66728,48.5716,0
          23.66782,48.57174,0
          23.66826,48.57189,0
          23.66827,48.5719,0
          23.66919,48.57222,0
          23.66935,48.57226,0
          23.66976,48.5723,0
          23.67012,48.57232,0
          23.67106,48.57231,0
          23.67137,48.57228,0
          23.6714,48.57227,0
          23.67155,48.57227,0
          23.67165,48.57228,0
          23.67173,48.57227,0
          23.67191,48.57227,0
          23.67206,48.57228,0
          23.6724,48.57234,0
          23.67281,48.57248,0
          23.67329,48.57271,0
          23.67348,48.57278,0
          23.67355,48.57282,0
          23.67359,48.57283,0
          23.67373,48.57288,0
          23.67377,48.57289,0
          23.67386,48.5729,0
          23.6741,48.57291,0
          23.67483,48.5729,0
          23.67503,48.57292,0
          23.67557,48.57301,0
          23.67581,48.57309,0
          23.67689,48.57353,0
          23.67735,48.57375,0
          23.67823,48.57428,0
          23.67829,48.57431,0
          23.6787,48.57459,0
          23.67901,48.57478,0
          23.67924,48.57489,0
          23.67941,48.57501,0
          23.67951,48.57513,0
          23.67958,48.57531,0
          23.67962,48.57539,0
          23.67967,48.57546,0
          23.67974,48.57552,0
          23.67982,48.57556,0
          23.68043,48.57581,0
          23.68092,48.57607,0
          23.68093,48.57607,0
          23.68285,48.57701,0
          23.68371,48.57735,0
          23.68437,48.5777,0
          23.68488,48.57802,0
          23.68544,48.57845,0
          23.68552,48.57853,0
          23.6859,48.57886,0
          23.68671,48.57951,0
          23.68698,48.57977,0
          23.68721,48.57997,0
          23.68748,48.58025,0
          23.68776,48.58047,0
          23.68816,48.5807,0
          23.68846,48.58082,0
          23.68874,48.58095,0
          23.68895,48.58107,0
          23.68927,48.5813,0
          23.6894,48.58142,0
          23.6899,48.58234,0
          23.69006,48.58282,0
          23.69007,48.58284,0
          23.69013,48.58318,0
          23.69015,48.58354,0
          23.69012,48.58373,0
          23.69003,48.58389,0
          23.68994,48.58402,0
          23.68985,48.58456,0
          23.68986,48.58479,0
          23.68991,48.58498,0
          23.68999,48.5851,0
          23.69012,48.5852,0
          23.69035,48.58535,0
          23.69036,48.58536,0
          23.69096,48.58571,0
          23.69097,48.58572,0
          23.69113,48.58581,0
          23.69115,48.58584,0
          23.69123,48.58591,0
          23.6913,48.58601,0
          23.69131,48.58606,0
          23.69131,48.58624,0
          23.69129,48.58635,0
          23.6913,48.58658,0
          23.69132,48.58672,0
          23.69143,48.58706,0
          23.69143,48.58707,0
          23.6915,48.58734,0
          23.6915,48.58754,0
          23.69145,48.58782,0
          23.69145,48.58789,0
          23.69148,48.5882,0
          23.69149,48.58891,0
          23.69154,48.58928,0
          23.69163,48.58952,0
          23.69177,48.58981,0
          23.69183,48.58989,0
          23.6919,48.59007,0
          23.69193,48.59024,0
          23.69193,48.5904,0
          23.69191,48.59049,0
          23.69183,48.59073,0
          23.69171,48.59089,0
          23.69158,48.59112,0
          23.69153,48.59137,0
          23.69152,48.59177,0
          23.69166,48.59231,0
          23.69166,48.59232,0
          23.69182,48.59267,0
          23.69194,48.59305,0
          23.69211,48.59349,0
          23.69219,48.59366,0
          23.69225,48.59384,0
          23.69239,48.59398,0
          23.69274,48.59422,0
          23.69314,48.59456,0
          23.69332,48.5947,0
          23.69374,48.59499,0
          23.69383,48.59511,0
          23.69399,48.5953,0
          23.69417,48.5956,0
          23.69418,48.59563,0
          23.69442,48.59592,0
          23.69492,48.59639,0
          23.69514,48.59656,0
          23.69545,48.59684,0
          23.69549,48.59689,0
          23.69551,48.59694,0
          23.69551,48.59698,0
          23.69547,48.59711,0
          23.6954,48.59729,0
          23.69542,48.59746,0
          23.69553,48.59764,0
          23.69565,48.59781,0
          23.69567,48.59783,0
          23.69586,48.59807,0
          23.69606,48.59829,0
          23.69686,48.59895,0
          23.69687,48.59895,0
          23.6972,48.59918,0
          23.69721,48.59918,0
          23.69738,48.59932,0
          23.69838,48.60008,0
          23.69842,48.60015,0
          23.69847,48.60021,0
          23.69849,48.60032,0
          23.69851,48.60038,0
          23.69848,48.60101,0
          23.69855,48.6017,0
          23.69863,48.60193,0
          23.69867,48.60201,0
          23.69903,48.6026,0
          23.6991,48.6027,0
          23.69929,48.60314,0
          23.69929,48.6035,0
          23.69922,48.60378,0
          23.6992,48.60382,0
          23.6991,48.6042,0
          23.69903,48.60435,0
          23.69898,48.60449,0
          23.69896,48.60453,0
          23.69883,48.60488,0
          23.69864,48.60517,0
          23.69862,48.60521,0
          23.69838,48.60555,0
          23.69823,48.60581,0
          23.6981,48.60609,0
          23.69807,48.6062,0
          23.69807,48.6063,0
          23.69808,48.60643,0
          23.69811,48.60658,0
          23.69812,48.60661,0
          23.6982,48.60674,0
          23.69823,48.60678,0
          23.69836,48.60689,0
          23.69837,48.60689,0
          23.69905,48.6071,0
          23.69953,48.60728,0
          23.70009,48.60759,0
          23.70069,48.60809,0
          23.70079,48.60823,0
          23.70079,48.60825,0
          23.70084,48.60848,0
          23.70081,48.60897,0
          23.70081,48.60932,0
          23.7008,48.60952,0
          23.7008,48.60986,0
          23.70079,48.61004,0
          23.7008,48.6104,0
          23.70081,48.61049,0
          23.70079,48.61069,0
          23.70084,48.61098,0
          23.70092,48.61117,0
          23.70102,48.61127,0
          23.70142,48.61175,0
          23.70154,48.61191,0
          23.70156,48.61192,0
          23.70212,48.61257,0
          23.70319,48.61343,0
          23.70345,48.61369,0
          23.70356,48.61383,0
          23.7036,48.61396,0
          23.70361,48.6141,0
          23.70359,48.61418,0
          23.70359,48.6142,0
          23.70344,48.61458,0
          23.70321,48.61504,0
          23.70278,48.61497,0
          23.70266,48.61497,0
          23.70242,48.61495,0
          23.70239,48.61494,0
          23.70201,48.61488,0
          23.70163,48.61489,0
          23.7014,48.61492,0
          23.70132,48.61492,0
          23.7012,48.61493,0
          23.70084,48.61502,0
          23.7008,48.61502,0
          23.70068,48.61505,0
          23.70054,48.61507,0
          23.70024,48.61507,0
          23.70009,48.61506,0
          23.69996,48.61506,0
          23.69974,48.61511,0
          23.69913,48.61521,0
          23.69849,48.61528,0
          23.69805,48.61528,0
          23.69759,48.61526,0
          23.69708,48.61517,0
          23.69706,48.61517,0
          23.69682,48.6151,0
          23.6968,48.61509,0
          23.69641,48.61498,0
          23.69631,48.61496,0
          23.6962,48.61492,0
          23.69605,48.61491,0
          23.69588,48.61491,0
          23.69578,48.61492,0
          23.69559,48.61492,0
          23.69526,48.61499,0
          23.69407,48.61529,0
          23.69399,48.61532,0
          23.69374,48.61539,0
          23.69373,48.6154,0
          23.69205,48.61587,0
          23.69194,48.61589,0
          23.69177,48.61589,0
          23.69165,48.61597,0
          23.69164,48.61597,0
          23.69151,48.61601,0
          23.69133,48.61603,0
          23.69127,48.61603,0
          23.69121,48.61601,0
          23.69114,48.61601,0
          23.69097,48.61604,0
          23.69091,48.61604,0
          23.69059,48.61607,0
          23.69038,48.61607,0
          23.69027,48.61608,0
          23.68991,48.61615,0
          23.6899,48.61615,0
          23.68953,48.61622,0
          23.68921,48.61631,0
          23.68913,48.61634,0
          23.68909,48.61635,0
          23.68902,48.61638,0
          23.68893,48.61645,0
          23.6888,48.61661,0
          23.68873,48.61672,0
          23.68858,48.61686,0
          23.68852,48.6169,0
          23.6885,48.6169,0
          23.68847,48.61692,0
          23.68824,48.61695,0
          23.68818,48.61695,0
          23.68799,48.61701,0
          23.68779,48.61704,0
          23.68767,48.61702,0
          23.68759,48.61698,0
          23.68712,48.61668,0
          23.68688,48.61659,0
          23.68661,48.61656,0
          23.68688,48.61659,0
          23.68712,48.61668,0
          23.68759,48.61698,0
          23.68767,48.61702,0
          23.68779,48.61704,0
          23.68799,48.61701,0
          23.68818,48.61695,0
          23.68824,48.61695,0
          23.68847,48.61692,0
          23.6885,48.6169,0
          23.68852,48.6169,0
          23.68858,48.61686,0
          23.68873,48.61672,0
          23.6888,48.61661,0
          23.68893,48.61645,0
          23.68902,48.61638,0
          23.68909,48.61635,0
          23.68913,48.61634,0
          23.68921,48.61631,0
          23.68953,48.61622,0
          23.6899,48.61615,0
          23.68991,48.61615,0
          23.69027,48.61608,0
          23.69038,48.61607,0
          23.69059,48.61607,0
          23.69091,48.61604,0
          23.69097,48.61604,0
          23.69114,48.61601,0
          23.69121,48.61601,0
          23.69127,48.61603,0
          23.69133,48.61603,0
          23.69151,48.61601,0
          23.69164,48.61597,0
          23.69165,48.61597,0
          23.69177,48.61589,0
          23.69194,48.61589,0
          23.69205,48.61587,0
          23.69373,48.6154,0
          23.69374,48.61539,0
          23.69399,48.61532,0
          23.69407,48.61529,0
          23.69526,48.61499,0
          23.69559,48.61492,0
          23.69578,48.61492,0
          23.69588,48.61491,0
          23.69605,48.61491,0
          23.6962,48.61492,0
          23.69631,48.61496,0
          23.69641,48.61498,0
          23.6968,48.61509,0
          23.69682,48.6151,0
          23.69706,48.61517,0
          23.69708,48.61517,0
          23.69759,48.61526,0
          23.69805,48.61528,0
          23.69849,48.61528,0
          23.69913,48.61521,0
          23.69974,48.61511,0
          23.69996,48.61506,0
          23.70009,48.61506,0
          23.70024,48.61507,0
          23.70054,48.61507,0
          23.70068,48.61505,0
          23.7008,48.61502,0
          23.70084,48.61502,0
          23.7012,48.61493,0
          23.70132,48.61492,0
          23.7014,48.61492,0
          23.70163,48.61489,0
          23.70201,48.61488,0
          23.70239,48.61494,0
          23.70242,48.61495,0
          23.70266,48.61497,0
          23.70278,48.61497,0
          23.70321,48.61504,0
          23.70344,48.61458,0
          23.70359,48.6142,0
          23.70359,48.61418,0
          23.70361,48.6141,0
          23.7036,48.61396,0
          23.70356,48.61383,0
          23.70345,48.61369,0
          23.70319,48.61343,0
          23.70212,48.61257,0
          23.70156,48.61192,0
          23.70154,48.61191,0
          23.70142,48.61175,0
          23.70102,48.61127,0
          23.70092,48.61117,0
          23.70084,48.61098,0
          23.70079,48.61069,0
          23.70081,48.61049,0
          23.7008,48.6104,0
          23.70079,48.61004,0
          23.7008,48.60986,0
          23.7008,48.60952,0
          23.70081,48.60932,0
          23.70081,48.60897,0
          23.70084,48.60848,0
          23.70079,48.60825,0
          23.70079,48.60823,0
          23.70069,48.60809,0
          23.70009,48.60759,0
          23.69953,48.60728,0
          23.69905,48.6071,0
          23.69837,48.60689,0
          23.69836,48.60689,0
          23.69823,48.60678,0
          23.6982,48.60674,0
          23.69812,48.60661,0
          23.69811,48.60658,0
          23.69808,48.60643,0
          23.69807,48.6063,0
          23.69807,48.6062,0
          23.6981,48.60609,0
          23.69823,48.60581,0
          23.69838,48.60555,0
          23.69862,48.60521,0
          23.69864,48.60517,0
          23.69883,48.60488,0
          23.69896,48.60453,0
          23.69898,48.60449,0
          23.69903,48.60435,0
          23.6991,48.6042,0
          23.6992,48.60382,0
          23.69922,48.60378,0
          23.69929,48.6035,0
          23.69929,48.60314,0
          23.6991,48.6027,0
          23.69903,48.6026,0
          23.69867,48.60201,0
          23.69863,48.60193,0
          23.69855,48.6017,0
          23.69848,48.60101,0
          23.69851,48.60038,0
          23.69849,48.60032,0
          23.69847,48.60021,0
          23.69842,48.60015,0
          23.69838,48.60008,0
          23.69738,48.59932,0
          23.69721,48.59918,0
          23.6972,48.59918,0
          23.69687,48.59895,0
          23.69686,48.59895,0
          23.69606,48.59829,0
          23.69586,48.59807,0
          23.69567,48.59783,0
          23.69565,48.59781,0
          23.69553,48.59764,0
          23.69542,48.59746,0
          23.6954,48.59729,0
          23.69547,48.59711,0
          23.69551,48.59698,0
          23.69551,48.59694,0
          23.69549,48.59689,0
          23.69545,48.59684,0
          23.69514,48.59656,0
          23.69492,48.59639,0
          23.69442,48.59592,0
          23.69418,48.59563,0
          23.69417,48.5956,0
          23.69399,48.5953,0
          23.69383,48.59511,0
          23.69374,48.59499,0
          23.69332,48.5947,0
          23.69314,48.59456,0
          23.69274,48.59422,0
          23.69239,48.59398,0
          23.69225,48.59384,0
          23.69219,48.59366,0
          23.69211,48.59349,0
          23.69194,48.59305,0
          23.69182,48.59267,0
          23.69166,48.59232,0
          23.69166,48.59231,0
          23.69152,48.59177,0
          23.69153,48.59137,0
          23.69158,48.59112,0
          23.69171,48.59089,0
          23.69183,48.59073,0
          23.69191,48.59049,0
          23.69193,48.5904,0
          23.69193,48.59024,0
          23.6919,48.59007,0
          23.69183,48.58989,0
          23.69177,48.58981,0
          23.69163,48.58952,0
          23.69154,48.58928,0
          23.69149,48.58891,0
          23.69148,48.5882,0
          23.69145,48.58789,0
          23.69145,48.58782,0
          23.6915,48.58754,0
          23.6915,48.58734,0
          23.69143,48.58707,0
          23.69143,48.58706,0
          23.69132,48.58672,0
          23.6913,48.58658,0
          23.69129,48.58635,0
          23.69131,48.58624,0
          23.69131,48.58606,0
          23.6913,48.58601,0
          23.69123,48.58591,0
          23.69115,48.58584,0
          23.69113,48.58581,0
          23.69097,48.58572,0
          23.69096,48.58571,0
          23.69036,48.58536,0
          23.69035,48.58535,0
          23.69012,48.5852,0
          23.68999,48.5851,0
          23.68991,48.58498,0
          23.68986,48.58479,0
          23.68985,48.58456,0
          23.68994,48.58402,0
          23.69003,48.58389,0
          23.69012,48.58373,0
          23.69015,48.58354,0
          23.69013,48.58318,0
          23.69007,48.58284,0
          23.69006,48.58282,0
          23.6899,48.58234,0
          23.6894,48.58142,0
          23.68927,48.5813,0
          23.68895,48.58107,0
          23.68874,48.58095,0
          23.68846,48.58082,0
          23.68816,48.5807,0
          23.68776,48.58047,0
          23.68748,48.58025,0
          23.68721,48.57997,0
          23.68698,48.57977,0
          23.68671,48.57951,0
          23.6859,48.57886,0
          23.68552,48.57853,0
          23.68544,48.57845,0
          23.68488,48.57802,0
          23.68437,48.5777,0
          23.68371,48.57735,0
          23.68285,48.57701,0
          23.68093,48.57607,0
          23.68092,48.57607,0
          23.68043,48.57581,0
          23.67982,48.57556,0
          23.67974,48.57552,0
          23.67967,48.57546,0
          23.67962,48.57539,0
          23.67958,48.57531,0
          23.67951,48.57513,0
          23.67941,48.57501,0
          23.67924,48.57489,0
          23.67901,48.57478,0
          23.6787,48.57459,0
          23.67829,48.57431,0
          23.67823,48.57428,0
          23.67735,48.57375,0
          23.67689,48.57353,0
          23.67581,48.57309,0
          23.67557,48.57301,0
          23.67503,48.57292,0
          23.67483,48.5729,0
          23.6741,48.57291,0
          23.67386,48.5729,0
          23.67377,48.57289,0
          23.67373,48.57288,0
          23.67359,48.57283,0
          23.67355,48.57282,0
          23.67348,48.57278,0
          23.67329,48.57271,0
          23.67281,48.57248,0
          23.6724,48.57234,0
          23.67206,48.57228,0
          23.67191,48.57227,0
          23.67173,48.57227,0
          23.67165,48.57228,0
          23.67155,48.57227,0
          23.6714,48.57227,0
          23.67137,48.57228,0
          23.67106,48.57231,0
          23.67012,48.57232,0
          23.66976,48.5723,0
          23.66935,48.57226,0
          23.66919,48.57222,0
          23.66827,48.5719,0
          23.66826,48.57189,0
          23.66782,48.57174,0
          23.66728,48.5716,0
          23.66677,48.57144,0
          23.66642,48.57136,0
          23.66603,48.57122,0
          23.66588,48.57118,0
          23.66573,48.57112,0
          23.66562,48.57106,0
          23.66553,48.57099,0
          23.66546,48.57087,0
          23.66545,48.57087,0
          23.66531,48.57053,0
          23.66529,48.57046,0
          23.66524,48.57034,0
          23.66507,48.57001,0
          23.66506,48.56998,0
          23.66496,48.56985,0
          23.66484,48.56967,0
          23.66422,48.56901,0
          23.66387,48.56872,0
          23.66377,48.56865,0
          23.66373,48.56863,0
          23.66345,48.56836,0
          23.66342,48.56832,0
          23.66323,48.56815,0
          23.66297,48.56797,0
          23.66282,48.56791,0
          23.66206,48.56753,0
          23.66168,48.56726,0
          23.66158,48.5672,0
          23.66149,48.56713,0
          23.66105,48.56683,0
          23.66051,48.56642,0
          23.6597,48.56589,0
          23.6594,48.56572,0
          23.65934,48.56568,0
          23.65895,48.56553,0
          23.6587,48.56542,0
          23.65849,48.56528,0
          23.65833,48.56511,0
          23.65826,48.56502,0
          23.65813,48.56483,0
          23.6578,48.56439,0
          23.65775,48.56429,0
          23.65765,48.56414,0
          23.65732,48.5637,0
          23.65731,48.5637,0
          23.65717,48.5635,0
          23.65696,48.56329,0
          23.65693,48.56324,0
          23.65685,48.56305,0
          23.65654,48.56213,0
          23.6564,48.56192,0
          23.65624,48.56172,0
          23.6561,48.56159,0
          23.65544,48.56111,0
          23.65509,48.56089,0
          23.65438,48.56054,0
          23.65414,48.56044,0
          23.65371,48.56036,0
          23.65362,48.56035,0
          23.6534,48.56035,0
          23.65322,48.56033,0
          23.65311,48.56034,0
          23.65275,48.56034,0
          23.65259,48.56035,0
          23.65231,48.5603,0
          23.65224,48.56026,0
          23.65217,48.56019,0
          23.65211,48.56012,0
          23.65205,48.56003,0
          23.65203,48.55998,0
          23.65202,48.55991,0
          23.65202,48.55975,0
          23.65203,48.5597,0
          23.65206,48.55963,0
          23.65212,48.55957,0
          23.65215,48.55949,0
          23.65226,48.55937,0
          23.65256,48.55908,0
          23.6528,48.55872,0
          23.65281,48.55871,0
          23.65288,48.55855,0
          23.65292,48.55842,0
          23.65293,48.55837,0
          23.65294,48.55834,0
          23.65294,48.55829,0
          23.65306,48.55792,0
          23.65307,48.55782,0
          23.65312,48.55768,0
          23.65313,48.55753,0
          23.65318,48.55728,0
          23.65327,48.55656,0
          23.65329,48.55597,0
          23.65332,48.5558,0
          23.65342,48.55558,0
          23.65355,48.55541,0
          23.65369,48.55528,0
          23.65355,48.55541,0
          23.65342,48.55558,0
          23.65332,48.5558,0
          23.65329,48.55597,0
          23.65327,48.55656,0
          23.65318,48.55728,0
          23.65313,48.55753,0
          23.65312,48.55768,0
          23.65307,48.55782,0
          23.65306,48.55792,0
          23.65294,48.55829,0
          23.65294,48.55834,0
          23.65293,48.55837,0
          23.65292,48.55842,0
          23.65288,48.55855,0
          23.65281,48.55871,0
          23.6528,48.55872,0
          23.65256,48.55908,0
          23.65226,48.55937,0
          23.65215,48.55949,0
          23.65212,48.55957,0
          23.65206,48.55963,0
          23.65203,48.5597,0
          23.65202,48.55975,0
          23.65202,48.55991,0
          23.65203,48.55998,0
          23.65205,48.56003,0
          23.65211,48.56012,0
          23.65217,48.56019,0
          23.65224,48.56026,0
          23.65231,48.5603,0
          23.65259,48.56035,0
          23.65275,48.56034,0
          23.65311,48.56034,0
          23.65322,48.56033,0
          23.6534,48.56035,0
          23.65362,48.56035,0
          23.65371,48.56036,0
          23.65414,48.56044,0
          23.65438,48.56054,0
          23.65509,48.56089,0
          23.65544,48.56111,0
          23.6561,48.56159,0
          23.65624,48.56172,0
          23.6564,48.56192,0
          23.65654,48.56213,0
          23.65685,48.56305,0
          23.65693,48.56324,0
          23.65696,48.56329,0
          23.65717,48.5635,0
          23.65731,48.5637,0
          23.65732,48.5637,0
          23.65765,48.56414,0
          23.65775,48.56429,0
          23.6578,48.56439,0
          23.65813,48.56483,0
          23.65826,48.56502,0
          23.65833,48.56511,0
          23.65849,48.56528,0
          23.6587,48.56542,0
          23.65895,48.56553,0
          23.65934,48.56568,0
          23.6594,48.56572,0
          23.6597,48.56589,0
          23.66051,48.56642,0
          23.66105,48.56683,0
          23.66149,48.56713,0
          23.66158,48.5672,0
          23.66168,48.56726,0
          23.66206,48.56753,0
          23.66282,48.56791,0
          23.66297,48.56797,0
          23.66323,48.56815,0
          23.66342,48.56832,0
          23.66345,48.56836,0
          23.66373,48.56863,0
          23.66377,48.56865,0
          23.66377,48.56866,0
        </coordinates>
      </LineString>
    </Placemark>
    <Placemark>
      <name>ЦНАП с.Поляна, село, вул. Духновича, Поляна, Закарпатська область</name>
      <styleUrl>#icon-1899-DB4436-nodesc</styleUrl>
      <Point>
        <coordinates>
          22.9668768,48.6211963,0
        </coordinates>
      </Point>
    </Placemark>
    <Placemark>
      <name>Синевир, Закарпатська область</name>
      <styleUrl>#icon-1899-DB4436-nodesc</styleUrl>
      <Point>
        <coordinates>
          23.686609,48.616561,0
        </coordinates>
      </Point>
    </Placemark>
    <Placemark>
      <name>Центр реабілітації бурого ведмедя, Т0724, Синевирська Поляна, Закарпатська область</name>
      <styleUrl>#icon-1899-DB4436-nodesc</styleUrl>
      <Point>
        <coordinates>
          23.6536914,48.5552758,0
        </coordinates>
      </Point>
    </Placemark>
    <Placemark>
      <name>Екопарк Долина Вовків, Синевирська Поляна, Закарпатська область</name>
      <styleUrl>#icon-1899-DB4436-nodesc</styleUrl>
      <Point>
        <coordinates>
          23.6637737,48.5686564,0
        </coordinates>
      </Point>
    </Placemark>
  </Document>
</kml>
